Time(s),X(m/s^2),Y(m/s^2),Z(m/s^2)
0.00144921,-3.253121614,-14.96435928,2.304419041
0.01949093,-2.549226284,-14.95478249,2.840720415
0.03753265,-0.691325724,-12.32594872,2.495955229
0.05557437,0.515351892,-10.80802536,1.921346903
0.07361578,1.228824019,-10.27651215,1.964442492
0.09165703,1.233612418,-9.682749748,2.682703018
0.10969874,0.137068048,-8.930971146,2.539050817
0.12773708,-1.07918644,-8.825626373,2.342726469
0.14578161,-1.184531331,-9.52473259,2.711433411
0.16382286,0.319027364,-10.05145741,2.093729496
0.18186411,2.071583033,-9.52473259,1.179144382
0.19990536,1.386841297,-8.792107582,1.183932781
0.21794661,-0.715267777,-8.188768387,1.634042621
0.23598786,-1.26593411,-8.107365608,2.313995838
0.25402911,-1.744774461,-8.069058418,0.609324336
0.27207036,-1.433528304,-8.476072311,0.503979445
0.29011203,-0.504577994,-8.868721962,-0.645237386
0.30815375,0.314238966,-9.4864254,0.527921498
0.32619546,1.851316452,-10.84154415,1.423352957
0.34423718,1.717241168,-12.17750835,1.313219666
0.3622677,-0.729632974,-12.53184986,2.160767078
0.38030833,-1.48620069,-12.56058025,1.892616391
0.39836151,-1.965041041,-13.25011063,1.950077295
0.41640276,-2.668936253,-14.43284607,2.184709072
0.43444401,-2.707243681,-16.52058983,2.620453835
0.45248526,-1.48620069,-17.64586449,3.003525972
0.47052651,-2.496553898,-14.95478249,3.578134537
0.48856776,-4.378396511,-13.03942108,4.574122429
0.50660901,-3.97617054,-12.04822159,5.713762283
0.52465046,-1.735197663,-12.61325264,8.064867973
0.54269218,-0.576404035,-14.39453888,7.787140846
0.5607339,0.55844754,-15.25166321,2.807201385
0.57877562,-0.63386488,-17.17181396,-3.096899986
0.59681729,-0.906803906,-15.31391239,-1.63643682
0.61485854,-2.065597534,-13.29320621,-0.530315697
0.63289979,-2.922721624,-12.12483597,-0.985213995
0.65094104,-3.798999548,-11.89978123,1.921346903
0.66898229,-3.224391222,-11.92851162,3.817554712
0.68702354,-3.032855034,-10.99956131,-1.363497853
0.70506479,-2.803011656,-8.078635216,0.173579618
0.72310604,-2.855684042,-5.296572685,0.245405674
0.74114776,-1.778293371,-3.788225651,-0.654814184
0.75918948,-0.791882217,-2.619855165,-0.55904609
0.77723119,-0.542885244,-2.658162355,-1.358709455
0.79527291,-0.983418346,-1.85849905,-1.521515131
0.81331437,-0.954687953,-0.517746091,-1.009155989
0.83135562,-0.360925913,0.478241801,-0.487220049
0.84939687,-0.988206744,0.272340447,0.499191046
0.86743812,-0.145447746,-0.680551827,3.075352192
0.88547937,-0.959476352,-2.126649618,3.673902512
0.90352062,-0.581192434,-2.030881643,2.357091665
0.92156187,-2.75033927,-3.041234732,7.044938564
0.93960328,-5.733514309,-5.454589844,8.70172596
0.957645,-3.080739021,-11.50234318,6.187814236
0.97568671,-8.817246437,-18.69931412,10.0999403
0.99372843,-6.906673431,-19.36968994,6.867767811
1.01177015,-3.559579372,-10.79366016,2.950853586
1.0298114,-3.449446201,-5.947795391,2.97479558
1.04785265,-3.593098164,-5.224746704,2.424129248
1.0658939,-3.377619982,-8.088212013,1.715445518
1.08393515,-2.482188702,-11.94766521,1.495178938
1.1019764,-1.596333981,-15.37616158,2.132036686
1.12001864,0.429160655,-14.37059689,2.845508814
1.13805989,1.793855667,-12.31158352,2.869450808
1.15610114,1.516128182,-10.78408337,2.888604403
1.17414239,0.37169981,-8.945336342,2.716221809
1.19218364,-0.791882217,-8.44255352,2.237381458
1.21022489,-0.844554663,-9.591770172,2.534262419
1.22826614,0.362123013,-11.29165363,2.519897223
1.24630744,1.33895731,-12.3690443,3.400963545
1.26434916,1.463455796,-10.90858173,2.883816004
1.28239088,0.606331587,-8.63408947,1.825578809
1.3004326,-1.577180386,-7.906252384,1.82079041
1.31847432,-2.242768526,-7.168838501,1.624465823
1.33651567,-2.520495892,-7.470507622,2.534262419
1.35455692,-0.916380703,-7.844003201,2.323572636
1.37259817,0.390853435,-8.174403191,1.854309201
1.39063942,1.262342811,-7.499238491,1.361103654
1.40868067,1.86089325,-7.063493729,0.264559299
1.42672192,1.453878999,-7.264606476,0.55665189
1.44476317,0.156221658,-7.647678852,0.661996782
1.46280458,-1.218050122,-7.537545681,0.48482585
1.4808463,-1.830965757,-7.733870029,0.671573579
1.49888802,-1.687313676,-8.456918716,0.55665189
1.51692974,-0.734421372,-9.012373924,-0.396240383
1.53497145,-0.068833299,-9.007585526,-1.353921056
1.5530127,0.122702837,-9.012373924,-0.429759204
1.57105395,0.620696783,-11.94766521,-3.163937569
1.5890952,0.759560466,-14.82070732,-3.997119665
1.60713645,-0.159812957,-16.55889702,-3.49433732
1.6251777,-1.692102075,-18.36412621,-3.585317135
1.64321895,-1.409586191,-19.67614746,-1.717839718
1.6612602,-1.759139657,-18.49341202,0.096965171
1.67930171,-2.692878246,-15.8693676,0.211886853
1.69734343,-4.177283287,-14.62438297,1.112106681
1.71538515,-3.727173567,-12.58452225,2.682703018
1.73342687,-2.328959703,-11.07617569,4.128800869
1.75146849,0.314238966,-11.09054089,4.813542366
1.76950974,2.258330822,-10.09455299,4.79917717
1.78755098,2.248754025,-9.14166069,2.357091665
1.80559224,1.166574836,-8.538321495,-1.018732786
1.82363348,-0.236427411,-8.495225906,-1.090558887
1.84167474,-2.745550871,-8.744223595,0.001197101
1.85971703,-4.30657053,-9.318831444,-2.005143881
1.87775833,-5.609015942,-9.692327499,-4.107253075
1.89579958,-6.13574028,-9.285312653,-4.078522682
1.91384083,-5.790975571,-9.428964615,-1.698686123
1.93188208,-4.402338505,-9.792883873,1.18872118
1.94992333,-2.984971046,-10.41058731,2.615665436
1.96796458,-3.564367771,-10.69310379,0.063446343
1.98600583,-4.402338505,-10.69310379,-1.492784739
2.00404729,-4.976946831,-10.16159058,-0.070628949
2.02208901,-4.608239651,-9.036315918,0.269347698
2.04013073,-3.703231573,-8.246229172,0.939724147
2.05817244,-2.860472441,-8.126519203,0.254982472
2.07621411,-2.319382906,-7.599794865,-0.003591303
2.09425536,-1.735197663,-7.245452881,-0.391451985
2.11228609,-1.438316703,-6.426635742,-0.760159016
2.13032692,-0.834977865,-5.368398666,-1.023521185
2.14837974,-0.55725044,-4.856039524,-1.459265947
2.16642098,-0.581192434,-4.817732334,-1.07619369
2.18446224,-0.418386757,-4.942230701,-0.305260718
2.20250348,-0.05925649,-4.707599163,0.638054729
2.22054474,-0.346560687,-4.415506363,1.231816769
2.23858598,-1.18931973,-4.932653904,2.00753808
2.25662724,-2.099116325,-6.302137375,3.563769341
2.27466848,-2.276287317,-7.278971672,5.503072739
2.2927102,-2.41993928,-7.92061758,6.834248543
2.31075192,-3.119046211,-8.806472778,7.835024834
2.32879364,-3.013701439,-9.33319664,8.012195587
2.34683536,-3.032855034,-10.01793861,8.194155693
2.36487671,-3.315370798,-11.24855804,8.538920403
2.38291796,-3.928286552,-12.24454594,7.653065681
2.40095921,-3.842095137,-11.37305641,6.781576157
2.41900046,-3.415927172,-8.969278336,5.431246758
2.43704171,-3.277063608,-6.565499783,3.784035683
2.45508296,-2.731185675,-6.632537365,2.486378431
2.47312421,-2.965817451,-9.385869026,2.864662409
2.49116557,-3.425503969,-13.10645866,6.958747387
2.50920729,-4.857236862,-16.74085617,4.564545631
2.52724901,-5.283404827,-13.07772827,0.70509243
2.54529072,-3.78942275,-7.384316444,-1.066616893
2.56333244,-2.147000313,-5.454589844,-2.63721323
2.58137369,-0.159812957,-6.579864979,-3.398569345
2.59941494,1.985391736,-8.337208748,-4.916493416
2.61745619,2.066794634,-10.57818127,-5.007472992
2.63549744,0.544082344,-12.03864479,-4.303577423
2.65353869,-0.155024558,-12.35946751,-0.870292306
2.67157994,-0.681748927,-11.58374596,0.939724147
2.68962119,-1.409586191,-10.02751541,0.140060797
2.70766265,-1.845330954,-9.050681114,-1.531091928
2.72570437,-1.18931973,-8.739435196,-1.588552833
2.74374609,-0.293888271,-9.582193375,-1.602918029
2.76178781,0.453102678,-10.19510937,-1.713051319
2.77982942,1.142632723,-10.49199009,-1.880645394
2.79787067,1.880046844,-10.11849499,-3.01070857
2.81591192,2.306214809,-9.91738224,-3.365050554
2.83395317,2.243965626,-9.788095474,-2.890998602
2.85199442,1.602319479,-9.984419823,-1.736993313
2.87001968,0.951096654,-9.634865761,-1.97162509
2.88807796,0.66858083,-9.33319664,-2.584540844
2.90611921,0.754772067,-9.041104317,-2.354697466
2.92416046,0.864905357,-8.935759544,-1.985990286
2.94220171,1.334168911,-9.007585526,-2.498349428
2.96024296,1.506551385,-9.40981102,-2.910152197
2.97828421,1.669357181,-9.864709854,-1.9333179
2.99632546,1.693299174,-9.826402664,-1.128866076
3.01436671,0.864905357,-9.998785019,-0.688332975
3.03240812,0.893635809,-10.15201378,-0.582988143
3.05044984,1.501762986,-9.984419823,-0.77931267
3.06849156,1.372476101,-9.682749748,-0.18555063
3.08653328,0.611119986,-10.29087734,0.968454599
3.10457494,0.457891077,-11.20546246,1.71065712
3.12261619,0.529717147,-11.49755478,2.409764051
3.14065744,0.984615445,-11.00434971,3.171120167
3.15869869,0.659004033,-10.83675575,3.49673152
3.17673994,-0.480636001,-12.03385639,4.042609692
3.19478119,-1.730409265,-14.15511894,4.952406406
3.21282244,-4.316147327,-14.15990734,4.076128483
3.23086369,-9.966463089,-13.05857468,0.992396593
3.2489051,-12.53783607,-16.22370911,0.245405674
3.26694682,-9.592967987,-19.27871132,-2.354697466
3.28498854,-6.882731438,-21.39518547,-2.905363798
3.30303026,-1.122282028,-19.40799713,-5.017049789
3.32107192,3.077147722,-17.95232201,2.299630642
3.33911317,-2.60189867,-19.30265236,5.49828434
3.35715442,-7.514800549,-16.50143623,2.088941097
3.37519567,-4.996100426,-10.59733486,-1.325190663
3.39323692,-1.735197663,-7.408258438,0.14963761
3.41127817,-0.576404035,-5.765836239,0.293289721
3.42931942,-1.835754156,-5.186439514,0.221463651
3.44736067,-3.219602823,-5.583877087,1.332373261
3.46540208,-0.686537325,-5.445013046,1.437718153
3.4834438,-0.997783542,-3.836109638,0.882263303
3.50148552,-1.04087913,-1.441908002,0.858321309
3.51952724,-1.787870169,-0.230441913,1.696291924
3.5375689,-1.893214941,-0.383670837,2.357091665
3.55561015,-2.692878246,-1.006163239,3.219004154
3.5736514,-2.424727678,-0.761954665,4.133589268
3.59169265,-2.237980127,-1.312621117,6.50384903
3.60973458,-1.275510907,-1.192911029,8.227674484
3.62777448,0.012569559,-1.801038265,9.467870712
3.64581698,-0.456693977,-1.695693374,10.19091988
3.66385874,-1.18931973,-1.413177609,9.123106003
3.6819,-2.056020737,-1.480215192,7.605181694
3.69994125,-3.684077978,-1.566406488,6.700173378
3.7179825,-6.38952589,-1.791461468,6.613982201
3.73602375,-11.88182449,-3.955819845,7.763198853
3.754065,-11.2784853,-8.049904823,12.64258194
3.77210624,-4.49810648,-8.279747963,12.63300514
3.7901475,-6.772598267,-3.591901064,5.680243492
3.80818916,-4.105457306,-2.026093245,0.604535937
3.82623088,-5.896320343,-3.917512417,4.990713596
3.8442726,-3.348889589,-8.040328026,5.12957716
3.86230349,-4.522048473,-10.78887177,3.798400879
3.88034385,-5.369596004,-11.74176407,3.836708307
3.89839718,-3.372831583,-11.10490608,3.946841478
3.91643843,-2.233191729,-9.974843025,2.151190281
3.93447968,-2.012925148,-9.893440247,1.935712099
3.95252093,-2.089539528,-10.4584713,2.227804661
3.97056218,-1.356913805,-12.0194912,1.720233917
3.98860343,-0.571615636,-12.53663826,2.390610456
4.00664468,-0.66738373,-11.78007126,2.960430384
4.02468593,-0.097563721,-10.4393177,2.553416014
4.04272739,0.66858083,-9.936535835,2.357091665
4.06076911,0.730830073,-9.850344658,2.41455245
4.07881083,1.693299174,-9.539097786,2.395398855
4.09685255,2.090736628,-9.357138634,2.811989784
4.11489416,1.315015316,-9.041104317,3.214215755
4.13293541,0.352546215,-8.811261177,3.477577925
4.15097666,-0.518943191,-8.514379501,2.922123194
4.16901791,-1.232415318,-8.500014305,2.989160776
4.18705916,-1.246780515,-8.097788811,3.094505787
4.20510041,-0.509366393,-8.059481621,2.472013235
4.22314166,0.630273581,-8.715493202,1.121683478
4.24118291,2.186504602,-9.553462982,0.963666201
4.25922432,3.273472309,-10.4441061,1.092953086
4.27726604,1.717241168,-11.45445919,1.22702837
4.29530776,-1.261145711,-11.85189724,1.974019289
4.31334948,-2.443881273,-12.91492271,2.49116683
4.33139114,-2.056020737,-14.52382565,2.002749681
4.34943239,-1.735197663,-16.10400009,2.539050817
4.36747364,-1.328183413,-18.81902313,3.60207653
4.38551489,-0.614711285,-18.44552803,3.209427357
4.40355614,-2.755127668,-15.21814442,2.146401882
4.42159739,-5.585073948,-12.61804104,3.405751944
4.43963864,-4.953004837,-11.50713158,5.550956726
4.45767989,-2.386420488,-13.04899788,7.140706539
4.47572119,-0.538096845,-14.51424885,6.374562263
4.49376291,1.444302201,-14.86380291,3.23336935
4.51180463,0.113126032,-15.18941402,-0.329202741
4.52984635,-1.064821243,-13.38897419,-0.994790793
4.54788807,-2.577956676,-11.22461605,-1.918952703
4.56592937,-3.957016945,-11.55980396,-1.200692177
4.58397062,-2.309806108,-11.32517242,2.687491417
4.60201187,-1.965041041,-11.46882439,3.319560766
4.6200364,-2.467823505,-10.15680218,0.130484
4.63809515,-2.295440912,-6.771400928,0.44651863
4.6561364,-1.96982944,-4.83209753,0.729034424
4.67417765,-0.834977865,-4.080318451,0.867898107
4.6922189,-0.389656335,-3.658938646,0.599747539
4.71026015,-0.796670616,-3.208828926,-0.305260718
4.7283014,-1.864484549,-2.198475599,-0.506373644
4.74634265,-2.372055292,-0.733224273,-0.913387954
4.7643839,-2.123058319,-0.125097036,-0.994790793
4.78242526,-0.988206744,-0.010175358,1.480813742
4.80046698,-0.629076481,-0.20649989,2.56778121
4.81850869,-1.67294848,-0.953490853,4.191050053
4.83655041,-1.811812162,-2.160168409,5.258863926
4.85459208,-0.375291109,-2.361281395,3.065775394
4.87263333,-1.179742932,-2.706046581,7.763198853
4.89067458,-7.533954144,-6.412270546,7.930793285
4.90871583,-8.189965248,-14.00667858,12.96819305
4.92675708,-6.456563473,-21.10309219,10.0951519
4.94479833,-4.182071686,-12.59409904,3.501519918
4.96283958,-5.178059578,-6.910264492,2.352303267
4.98088083,-3.042431831,-5.928641796,1.8590976
4.99892224,-1.696890473,-8.303689957,1.284489155
5.01696395,-1.280299306,-11.92851162,1.974019289
5.03500567,-1.04087913,-14.3131361,1.739387512
5.05304739,-0.523731649,-14.57170963,2.165555477
5.07108901,-0.121505737,-12.9723835,2.955641985
5.08913026,-0.092775315,-11.70824528,2.802412987
5.10717151,-0.753574967,-10.4680481,2.855085611
5.12521161,-0.509366393,-8.48086071,2.56778121
5.14325395,-1.802235365,-7.877521992,3.01310277
5.16129604,-1.739986062,-8.586205482,3.242946148
5.17933729,-1.064821243,-9.735423088,2.122459888
5.19737854,0.692522824,-9.586981773,1.557428241
5.21541979,1.267131209,-8.528744698,1.097741485
5.23346104,1.200093627,-7.322067261,1.092953086
5.25150229,0.764348865,-7.087435722,0.436941803
5.26954354,0.462679476,-7.092224121,0.355538964
5.28758479,-1.4478935,-8.078635216,1.839944005
5.30562619,-1.433528304,-8.892663956,1.452083349
5.32366791,-0.710479379,-10.13764858,0.685938776
5.34170963,0.759560466,-10.20947456,0.379480958
5.35975161,1.607107878,-9.797672272,-0.549469292
5.37778994,0.515351892,-10.15201378,-0.784101069
5.39583437,-1.031302333,-11.54543877,0.326808542
5.41387573,-0.566827238,-12.19187355,0.283712894
5.43191698,-0.15023616,-12.92928791,1.121683478
5.44995822,-0.571615636,-14.54297924,1.365892053
5.46799948,-1.409586191,-16.30511284,1.796848416
5.48604072,-1.71125567,-17.50700188,2.984372377
5.50408198,-1.304241419,-16.80789375,2.663549423
5.52212322,-3.061585426,-14.77282333,2.433706045
5.54016448,-5.31213522,-13.00590229,3.937264681
5.55820604,-4.82850647,-11.66036129,4.947618008
5.57624776,-2.314594507,-12.3834095,6.518214226
5.59428948,-1.127070427,-13.28362942,7.21253252
5.61232052,0.132279649,-14.06413937,3.860650301
5.63036135,0.52014029,-15.2660284,0.178368032
5.64841406,-0.605134487,-15.25645161,-0.664390981
5.66645531,-0.672172129,-12.85746193,-1.832761407
5.68449656,-1.26593411,-12.34989071,-0.803254664
5.70253781,-2.635417461,-11.416152,0.508767843
5.72057906,-3.822941542,-11.26292324,3.812766314
5.73862031,-3.482964993,-11.59332275,1.720233917
5.75666156,-2.400785685,-9.424176216,0.465672225
5.77470281,-1.93152225,-7.09701252,1.250970364
5.79274432,-1.716044068,-4.83209753,0.590170741
5.81078604,-0.921169102,-3.357269287,0.982819796
5.82882776,-0.992995143,-3.19446373,-0.156820208
5.84686948,-0.988206744,-2.605489969,-0.209492654
5.86491098,-1.591545582,-1.504157186,-0.233434662
5.88295224,-1.854907751,-0.388459235,-0.865503907
5.90099348,-1.318606615,0.176572383,0.403422982
5.91903474,-0.796670616,0.253186822,1.567005038
5.93707598,-0.935534298,-0.541688144,3.017891169
5.95511724,-0.581192434,-1.633444071,4.535815239
5.97315848,-0.729632974,-2.318185806,4.037821293
5.99119974,-0.70569098,-2.538452387,3.750516891
6.00924125,-3.066373825,-2.969408751,6.317101002
6.02728296,-5.202001572,-6.220734596,6.494272232
6.04532468,-6.954557419,-13.72416306,13.47097588
6.0633664,-8.506000519,-23.89473152,13.0017128
6.08140791,-4.598662853,-16.88929749,6.858190536
6.09944916,-6.533177853,-6.608595371,1.418564558
6.11749041,-6.346430302,-3.869628429,2.074575663
6.13553166,-4.225167274,-5.598242283,2.735375404
6.15357291,-2.721608877,-10.77929497,2.428917646
6.17161416,-0.758363366,-15.16547203,1.547851443
6.18965541,-0.145447746,-15.39531517,2.199074268
6.20769666,0.912789404,-13.16870785,2.788047791
6.22573807,1.564012289,-11.55980396,1.906981707
6.24377979,2.095525026,-10.79366016,1.260547161
6.26182151,1.013345838,-10.26693535,2.170343876
6.27986322,-0.844554663,-9.864709854,3.396175146
6.29790484,-2.4869771,-9.347561836,3.616441727
6.31594609,-2.75033927,-9.52473259,3.228580952
6.33398734,-1.342548609,-9.60134697,2.203862667
6.35202859,-0.15023616,-8.859145164,1.887827992
6.37004786,0.917577803,-7.867945194,1.902193308
6.38810598,1.956661344,-6.977302074,1.193509579
6.40615317,1.803432465,-6.608595371,0.480037451
6.42419442,0.941519797,-6.302137375,-0.33399114
6.44223567,-0.030526072,-7.001244545,0.628477931
6.46027692,0.400430232,-7.992444038,0.791283667
6.47831817,0.16579847,-9.132083893,0.805648863
6.49635942,0.141856447,-9.788095474,0.154426009
6.51440067,-0.15023616,-11.05702209,0.652419984
6.53244192,-0.9307459,-11.78007126,1.126471877
6.55048354,-0.748786569,-12.12004757,1.193509579
6.56852526,-0.887650251,-13.10167027,1.662773132
6.58656698,-1.902791858,-14.46636486,2.500743628
6.60460869,-2.549226284,-15.67783165,2.831143618
6.6226501,-0.782305419,-16.96591187,3.151966572
6.64069135,0.936731398,-17.12392998,3.080140591
6.6587326,-1.682525277,-14.48073006,3.190273762
6.67677385,-5.316923618,-13.26926422,4.334702015
6.6948151,-4.909909248,-12.23018074,5.924452305
6.71285635,-1.936310649,-12.83830833,7.921216488
6.7308976,0.299873769,-13.79598904,5.819107056
6.74893885,1.980603337,-15.20377922,1.437718153
6.76698036,0.826598108,-15.83584881,0.456095427
6.78502208,0.52014029,-14.8925333,0.604535937
6.8030638,-1.241992116,-13.47995377,-0.108936176
6.82110552,-3.487753391,-14.17906094,3.123236179
6.83914703,-4.914697647,-12.27806473,2.108094692
6.85718828,-5.494094372,-12.64677238,2.270900249
6.87522812,-3.540425777,-12.75211716,1.102529883
6.89327046,-2.147000313,-10.77450657,1.78248322
6.91131265,-1.864484549,-7.441777229,2.385822058
6.9293539,-1.85969615,-5.253477097,0.216675252
6.94739515,-1.936310649,-3.797802448,0.709880829
6.9654364,-1.136647224,-3.333327293,-0.108936176
6.98347765,-1.036090732,-2.868852139,-0.48243165
7.0015189,-2.003348351,-1.872864246,-1.018732786
7.01956015,-2.051232338,-0.623090982,-0.831985116
7.0376014,-1.912368655,-0.833780766,-0.463278025
7.05564286,-0.825401008,-1.082777739,0.231040463
7.07368458,-1.146224022,-0.249595523,1.432929754
7.0917263,-1.888426542,0.478241801,2.539050817
7.10976822,-1.644217968,0.684143126,4.334702015
7.12780677,-1.96982944,0.578798235,6.781576157
7.14585104,-3.291428804,-0.034117375,9.549273491
7.16389229,-3.578732967,-0.996586442,11.19648457
7.18193354,-3.918709517,-1.623867273,10.25795746
7.19997479,-4.277839661,-1.006163239,9.994594574
7.21801604,-4.545990467,0.109534726,8.969876289
7.23605729,-7.371148586,-0.369305611,11.48857689
7.25409854,-14.06533623,-5.306149483,19.3750782
7.27213979,-13.89774227,-7.513603687,16.09980965
7.29018104,-3.798999548,-4.032433987,6.355408192
7.30822276,-0.341772288,-0.441131651,1.126471877
7.32626448,-6.944980621,-3.917512417,7.088034153
7.34430619,-5.968146324,-6.43621254,6.025008678
7.36233692,-4.938639641,-6.910264492,4.952406406
7.38037729,-5.886743546,-7.350797653,4.076128483
7.39843067,-3.727173567,-5.694010258,5.373785496
7.41647192,-1.888426542,-5.641337872,5.392939091
7.43451317,-1.869272947,-6.263830185,4.72256279
7.45255442,-2.463035107,-7.499238491,4.013879299
7.47059567,-3.114257812,-8.370727539,4.373009205
7.48863692,-3.344101191,-8.600570679,4.286818027
7.50667817,-2.975394249,-8.437765121,3.520673513
7.52471942,-2.549226284,-8.55747509,2.8981812
7.54276088,-2.094327927,-8.969278336,2.965218782
7.5608026,-2.008136749,-10.36270332,2.539050817
7.57884432,-1.232415318,-10.69310379,2.103306293
7.59688604,-0.739209771,-10.62127686,2.505532026
7.6149276,-0.614711285,-10.95167732,2.658761024
7.63296885,-0.499789596,-10.4680481,1.442506552
7.6510101,-0.609922886,-10.61170006,1.294066072
7.66905135,-0.380079508,-10.51114368,1.112106681
7.6870926,-1.194108129,-10.58296967,1.121683478
7.70513385,-1.768716455,-10.11849499,0.724246025
7.7231751,-1.151012421,-9.56303978,-0.281318694
7.74121635,-1.495777488,-9.831191063,-0.654814184
7.7592577,-0.70569098,-9.668384552,-0.391451985
7.77729942,-0.212485403,-9.433753014,-0.870292306
7.79534114,-0.585980892,-8.921394348,-1.224634171
7.81338286,-0.691325724,-8.825626373,-1.325190663
7.83142453,-0.322618693,-8.36593914,-1.382651448
7.84946578,0.496198297,-8.538321495,-2.144007683
7.86750703,1.951872945,-8.988431931,-2.71382761
7.88554828,1.48739779,-8.380304337,-2.953247786
7.90358953,0.381276608,-8.619724274,-1.37786305
7.92163078,-0.542885244,-9.606135368,-0.793677867
7.93967203,0.151433259,-10.0658226,-0.08499416
7.95771328,0.984615445,-10.75056458,-0.875080705
7.97575453,1.276708007,-11.34432602,-0.793677867
7.99379619,0.716464877,-11.10969448,0.374692559
8.01183791,0.850540161,-10.33397293,0.384269387
8.02987963,2.04285264,-10.93731213,-0.357933164
8.04792135,2.775478363,-11.11927128,-0.377086759
8.0659627,2.215235233,-10.64043045,-0.113724582
8.08400395,0.941519797,-10.47283649,1.025915384
8.1020452,-0.212485403,-10.59254646,2.246958256
8.12006974,-0.011372458,-10.4441061,3.19506216
8.13812843,-0.145447746,-11.22940445,3.736151695
8.15616974,-1.371279001,-11.89499283,3.468001127
8.17421098,-4.210802078,-12.85267353,3.314772367
8.19225224,-7.304111004,-14.92605209,1.174355984
8.21029348,-9.741408348,-16.96112251,-1.794454217
8.22833474,-8.568249702,-16.80310631,-4.030638695
8.24637598,-7.337629795,-15.96034718,-4.212597847
8.26441724,-4.833294868,-15.69698524,-2.412158251
8.28245848,-1.165377736,-13.66670227,-2.560598612
8.3005001,-0.614711285,-12.36425591,-0.080205753
8.31854182,-3.511695385,-11.33953762,-0.721851826
8.33658354,-4.134187698,-8.935759544,-1.928529501
8.35462526,-4.177283287,-7.681197643,-2.134430885
8.37266666,-3.176506996,-6.211157799,-1.918952703
8.39070791,-1.907580256,-6.043563843,-1.306037068
8.40874916,-0.739209771,-6.215946198,-1.679532528
8.42679041,-0.566827238,-6.254253387,-1.334767461
8.44483166,-0.418386757,-6.225522995,-0.357933164
8.46287291,-0.303465068,-5.68443346,0.355538964
8.48091416,-0.44711718,-5.148132324,0.451307029
8.49895541,-0.442328751,-4.79379034,1.112106681
8.51699687,-0.916380703,-5.157709122,1.624465823
8.53503859,-1.701678872,-5.808931828,2.706645012
8.55308031,-2.731185675,-6.785766125,4.79917717
8.57112203,-3.631405354,-7.614160061,6.508637428
8.58916359,-4.555567265,-8.179191589,7.126341343
8.60720484,-4.416703701,-8.131307602,7.198167324
8.62524609,-3.741538763,-8.48086071,7.193378925
8.64328734,-3.990535736,-9.1033535,7.006631374
8.66132859,-4.972158432,-9.428964615,7.006631374
8.67936984,-5.685630322,-9.644442558,6.436811447
8.69741109,-5.905897141,-10.01793861,5.53659153
8.71545234,-5.767033577,-10.16637897,4.214992046
8.73349369,-5.407903194,-8.32763195,3.142389774
8.75153541,-5.187636375,-6.278195381,2.060210466
8.76957713,-3.377619982,-4.712387562,1.44729495
8.78761885,-2.448669672,-5.502473831,-1.095347285
8.80566052,-3.238756418,-8.035539627,0.106541976
8.82370177,-4.16770649,-11.62684155,6.810306549
8.84174302,-4.258686066,-17.2053318,7.897274494
8.85978474,-4.775833607,-17.64586449,9.467870712
8.87782442,-1.960252643,-11.30601883,1.595735431
8.89586724,-1.48620069,-5.061941147,-3.997119665
8.91390885,-2.276287317,-4.214393616,-3.523067713
8.9319501,-2.094327927,-6.742670536,-2.139219284
8.94999135,0.122702837,-10.0897646,-3.489548922
8.9680326,3.675698042,-11.48318958,-4.384980202
8.98607385,4.216787815,-12.54621506,-3.800795317
9.0041151,1.722029567,-12.36425591,-1.459265947
9.02215635,0.716464877,-11.0474453,0.178368032
9.0401976,-0.13108255,-9.87907505,0.776918471
9.05823921,-0.212485403,-9.227851868,-0.539892495
9.07628093,-0.092775315,-9.132083893,-1.186326981
9.09432265,1.142632723,-9.615712166,-1.641225219
9.11235354,2.047641039,-10.4345293,-1.363497853
9.1303939,1.985391736,-11.88541603,-0.788889468
9.14844724,2.593518972,-11.95724201,0.120907188
9.16648848,4.154538631,-11.65557289,0.44651863
9.18452974,3.996521235,-11.24855804,-1.382651448
9.20257098,4.360439777,-10.14243698,-1.895010591
9.22061224,2.191293001,-9.768941879,-0.33399114
9.23865348,0.66858083,-9.031527519,-0.305260718
9.25669474,-0.858919859,-9.117718697,-1.325190663
9.27473598,-0.791882217,-9.203909874,0.805648863
9.29277734,0.137068048,-8.974066734,-1.55982244
9.31081906,0.730830073,-9.438541412,-2.728192806
9.32886078,0.563235939,-9.668384552,-1.248576164
9.3469025,0.888847411,-9.883863449,-0.587776542
9.36494416,1.779490471,-11.47840118,0.164002821
9.38298541,2.655768156,-12.66113758,1.059434295
9.40102666,2.014122248,-13.65233707,2.457648039
9.41906791,0.242412925,-14.22215652,3.056198359
9.43710916,-0.653018534,-14.72972775,2.85987401
9.45515041,-0.341772288,-14.39453888,2.879027605
9.47319166,-0.351349086,-14.01146698,3.49673152
9.49123291,-2.151788712,-13.06815147,3.90374589
9.50927421,-3.688866377,-12.9771719,2.912546396
9.52731593,-3.775057554,-13.49910736,2.759317398
9.54535765,-2.30501771,-14.72972775,2.716221809
9.56339937,-2.850895643,-16.23807526,-0.305260718
9.58144109,-5.321712017,-16.6163578,-2.096123695
9.59948234,-6.566696644,-15.94119358,0.341173738
9.61752359,-5.383961201,-15.44319916,1.67234993
9.63556484,-1.26593411,-16.38651466,2.510320425
9.65360609,-0.001795651,-16.49185944,3.707421303
9.67164734,-2.587533474,-14.80155373,1.863885999
9.68968859,-2.534861088,-13.85344982,2.280477047
9.70772984,-1.677736878,-11.12405968,0.872686505
9.72577109,-0.940322697,-8.006809235,0.877474904
9.74381276,-0.978629947,-5.871181011,0.824802458
9.76185448,0.161010072,-3.821744442,0.140060797
9.77989619,-0.001795651,-2.634220362,-0.841561914
9.79793791,-1.261145711,-1.810615063,-1.63643682
9.81597927,-2.022501945,-0.972644448,-1.478419542
9.83402052,-1.452681899,-0.599148989,-1.483207941
9.85206177,-0.624288082,-0.330998391,-1.291671872
9.8700863,-0.2220622,0.162207171,0.887051702
9.88814505,-0.169389769,-0.04369418,2.634819031
9.9061863,0.831386566,-0.278325945,5.177461147
9.92422755,0.716464877,-1.585560083,5.220556736
9.9422688,2.057217836,-1.317409515,4.181473255
9.96031005,0.802656114,-1.470638394,4.942829609
9.9783513,-8.544307709,-6.464942932,16.2913456
9.99639255,-7.912238121,-10.49677849,6.168660641
10.0144338,-4.110245705,-19.27871132,18.15882301
10.03247505,-2.812588453,-13.3363018,-1.756146908
10.05051677,-8.529942513,-7.508815289,2.582146645
10.06855849,-5.216366768,-5.751471043,1.499967337
10.0866002,-2.846107244,-8.270171165,2.371456861
10.10464192,-3.717596769,-12.05300999,3.391386747
10.12268322,-4.296993732,-13.3554554,3.635595322
10.14072448,-3.109469414,-12.86225033,2.184709072
10.15876572,-1.591545582,-11.55980396,2.108094692
10.17680698,-0.576404035,-10.32918453,2.615665436
10.19484822,-0.322618693,-9.998785019,2.907757998
10.21288948,-0.174178168,-9.970054626,2.993949175
10.23093072,0.304662168,-9.208698273,2.543839216
10.24897198,0.170586869,-8.768165588,2.744952202
10.26701364,0.275931746,-8.543109894,2.543839216
10.28505536,0.931942999,-9.208698273,2.122459888
10.30309708,1.712452769,-9.610923767,1.705868721
10.3211388,1.30065012,-9.084199905,2.15597868
10.33918015,0.802656114,-8.361150742,2.481590033
10.3572214,-0.542885244,-8.380304337,2.371456861
10.37526187,-0.849343061,-8.006809235,2.615665436
10.39330354,-1.605910778,-8.298901558,1.701080322
10.41134573,-1.390432596,-9.031527519,2.309207439
10.42938724,0.16579847,-10.00836182,1.514332533
10.44742848,1.875258446,-10.73619938,0.231040463
10.46546974,2.267907619,-11.86626244,0.125695586
10.48351098,1.496974587,-11.22461605,0.144849196
10.50155224,0.615908384,-10.27651215,0.642843127
10.51959348,0.16579847,-11.71782207,1.102529883
10.53763474,0.141856447,-14.16948414,2.179920673
10.55567598,-0.954687953,-16.34820747,3.34350276
10.5737175,-2.520495892,-18.52693176,1.926135302
10.59175921,-3.506906986,-17.82303619,2.141613483
10.6098014,-6.317699909,-15.91725159,3.262099743
10.6278414,-5.513247967,-13.41770458,4.143166065
10.64588343,-4.105457306,-12.91492271,5.637147903
10.66392562,-2.82695365,-13.51826096,10.36330223
10.68196692,-1.797446966,-14.84464931,6.824671745
10.70000817,-1.960252643,-14.64832497,0.714669228
10.71804942,0.793079317,-14.78240013,-1.966836691
10.73609067,1.161786318,-15.08885765,-3.8630445
10.75413192,1.147421122,-14.15990734,-2.67552042
10.77217317,-1.33776021,-13.59487534,1.557428241
10.79021442,-4.239532471,-11.93330002,4.066551685
10.80825567,-4.708796024,-11.55022717,2.309207439
10.82629729,-1.993771434,-9.457695007,-0.961272001
10.84433901,-1.423951507,-7.331644058,-0.037110128
10.86237036,-1.67294848,-4.496909142,0.805648863
10.8804114,-1.304241419,-3.318962097,0.25977087
10.8984639,-0.20290859,-2.892794132,0.164002821
10.91650515,0.108337626,-2.366069794,-0.343567938
10.9345464,-0.873285055,-1.140238523,0.211886853
10.95258765,-1.505354285,-0.177769482,0.08259996
10.9706289,-1.52450788,0.095169514,0.652419984
10.98867015,0.017357962,0.128688335,0.44651863
11.0067114,0.017357962,-0.393247634,1.887827992
11.02475265,-1.438316703,-1.662174582,3.697844505
11.04279411,-1.428739905,-1.518522382,3.693056107
11.06083583,-0.064044893,-2.121861219,3.520673513
11.07887755,-2.965817451,-4.405929565,6.628347397
11.09691927,-6.284181118,-9.682749748,8.917203903
11.11496083,-10.05744267,-22.65453529,18.20191765
11.13300208,-3.961805344,-21.42870331,6.412869453
11.15104333,-3.49254179,-8.476072311,0.748188019
11.16908458,-4.474164486,-3.395576477,2.802412987
11.18712583,-2.798223257,-3.175309896,1.844732404
11.20516708,-3.411138773,-8.409034729,0.293289721
11.22320833,-3.698443174,-14.72015095,0.982819796
11.24124958,-3.444657803,-17.45432854,2.136825085
11.25929093,-0.724844575,-14.77761173,1.418564558
11.27733265,0.606331587,-11.97160721,1.638831019
11.29537437,1.204882026,-10.01793861,1.567005038
11.31341609,1.190516829,-8.63408947,2.064998865
11.33145776,0.41000703,-8.169614792,2.682703018
11.34949901,-0.590769291,-8.562263489,3.041833162
11.36754026,-0.269946247,-9.328408241,2.620453835
11.38558151,0.740406871,-9.438541412,1.634042621
11.40362276,1.11390233,-8.452130318,1.356315255
11.42166401,0.673369229,-7.666832447,1.088164687
11.43970526,-0.509366393,-7.499238491,0.307654917
11.45774651,-1.222838521,-7.226299286,1.069011092
11.47578781,-0.969053149,-7.887098789,1.959654093
11.49382953,-0.547673643,-9.266159058,2.572569609
11.51187124,0.912789404,-9.519944191,1.07858789
11.52991296,2.152985811,-9.883863449,0.412999779
11.54795468,1.468244195,-11.11927128,0.70509243
11.56599593,0.726041675,-11.56938076,0.096965171
11.58403718,0.070030399,-11.91893482,0.211886853
11.60207843,-0.418386757,-12.64677238,0.685938776
11.62010296,-0.657806933,-14.27004051,1.461660147
11.63816171,-0.178966582,-15.95555878,1.801636815
11.65620296,-0.40880993,-17.94274521,2.108094692
11.67424421,-0.978629947,-18.7567749,1.9309237
11.69228546,-3.56915617,-16.89887428,3.089717388
11.71032671,-4.976946831,-14.49509525,4.387374401
11.72836796,-3.971382141,-12.50311947,4.631583214
11.74640921,-2.166153908,-12.65156078,7.375338554
11.76445046,-1.423951507,-14.04019737,8.677783966
11.78249171,-1.29945302,-14.73930454,5.507861137
11.80053338,0.060453594,-14.98351288,0.197521642
11.8185751,-0.231639013,-15.57248688,-2.440888643
11.83661682,-0.375291109,-13.72895145,-3.403357744
11.85465854,-1.194108129,-13.72895145,-2.249352455
11.87269989,-1.787870169,-12.3738327,1.854309201
11.89074114,-4.019266129,-11.4305172,5.407304764
11.90878239,-4.004900932,-10.32918453,-0.496796846
11.92682364,-1.74956286,-7.781754017,-1.483207941
11.94486489,-1.476623893,-5.085883141,0.144849196
11.96290614,-0.834977865,-3.812167645,0.18794483
11.98094739,-1.021725535,-2.988562346,-0.405817181
11.99898864,-0.509366393,-2.241571426,-1.090558887
12.0170302,-0.791882217,-1.805826664,-0.851138711
12.03507192,-1.117493629,-0.378882408,-0.731428623
12.05311364,-1.481412292,0.339378089,-0.223857865
12.07115536,-0.954687953,0.918774903,-0.156820208
12.08919682,-1.414374709,0.727238774,1.557428241
12.10723807,-2.41993928,-0.642244577,4.12401247
12.12527791,-2.036867142,-1.944690347,4.578910828
12.14332026,-1.036090732,-2.021304846,3.635595322
12.1613625,-4.182071686,-3.505709887,10.55483818
12.17940374,-9.018359184,-9.725846291,14.40950298
12.197445,-3.674500942,-14.36580849,10.61229897
12.21548624,-4.378396511,-15.40968037,8.122329712
12.2335275,-5.618592739,-8.461707115,0.503979445
12.25156874,-7.596203327,-6.163273811,4.056974888
12.26961,-4.330512524,-6.579864979,3.252522945
12.28765125,-4.201225281,-9.644442558,3.252522945
12.30569255,-3.018489838,-10.99956131,2.481590033
12.32373427,-1.601122379,-12.19187355,3.008314371
12.34177599,-0.030526072,-12.66592598,1.926135302
12.35981802,0.103549227,-12.53663826,1.681926727
12.37785708,0.539293945,-11.62684155,2.361880064
12.39590005,0.242412925,-11.24376965,2.103306293
12.41394213,0.170586869,-10.39143372,2.208651066
12.43198338,-0.087986909,-9.357138634,2.658761024
12.45002463,-0.925957501,-8.500014305,2.505532026
12.46806588,-0.806247413,-8.552686691,2.673126221
12.48610713,0.093972415,-9.069834709,3.070563793
12.50414838,2.210446835,-8.911817551,2.151190281
12.52218963,2.708440781,-9.108141899,1.236605167
12.54023088,1.473032594,-8.67239666,1.82079041
12.55827239,1.947084546,-8.361150742,2.328361034
12.57631411,1.501762986,-8.212710381,0.580593884
12.59435583,-0.988206744,-9.37150383,1.681926727
12.61238687,-2.180519104,-9.735423088,1.662773132
12.6304277,-1.4478935,-9.725846291,0.384269387
12.64848046,-0.15023616,-9.826402664,0.274136096
12.66652171,0.998980641,-10.36749172,-0.113724582
12.68456296,1.4490906,-10.55902767,-0.276530296
12.70260421,0.26156655,-10.63564205,0.896628559
12.72064546,-0.801459014,-11.26771164,1.916558504
12.73868671,-0.720056176,-12.67071438,2.179920673
12.75672796,-0.767940223,-13.9444294,1.696291924
12.77476921,-0.696114123,-16.37215042,2.328361034
12.79281057,-0.351349086,-18.4024334,2.366668463
12.81085229,-2.759916067,-16.40088081,2.644395828
12.82889401,-4.316147327,-14.61959457,3.482366323
12.84693572,-5.029619217,-13.61881828,4.942829609
12.86497734,-2.759916067,-12.67071438,7.744045258
12.88301859,0.213682503,-13.49910736,7.739256859
12.90105984,-0.327407092,-14.44242287,3.764882088
12.91910109,0.606331587,-15.15110683,0.609324336
12.93714234,0.189740479,-16.09442329,0.709880829
12.95518359,0.864905357,-14.44721127,0.867898107
12.97322484,-1.29945302,-14.83028412,-0.401028782
12.99126609,-3.262698412,-13.08251667,2.49116683
13.00930739,-5.336077213,-12.34510231,0.527921498
13.02734911,-3.56915617,-12.64198399,4.3921628
13.04539083,-1.601122379,-10.77450657,-0.252588272
13.06343255,-1.122282028,-8.437765121,2.56778121
13.08147427,-1.639429569,-6.172850609,1.222239971
13.09951552,-1.069609642,-4.042010784,0.283712894
13.11755677,-0.686537325,-3.184886694,0.049081136
13.13559802,-0.739209771,-3.146579504,-0.343567938
13.15363927,-1.352125406,-2.605489969,-1.07619369
13.17168052,-1.830965757,-0.886453152,-0.889445961
13.18972177,-2.309806108,0.032920275,-0.453701228
13.20776302,-1.960252643,-0.230441913,-0.243011475
13.22580427,-0.715267777,-0.316633165,0.345962137
13.24384588,-0.423175156,0.674566329,2.716221809
13.2618876,-2.707243681,-0.072424598,5.608417511
13.27992932,-2.170942307,-1.528099179,8.462306023
13.29797104,-3.176506996,-3.390788078,9.654618263
13.31601239,-3.487753391,-2.524087191,9.372102737
13.33405364,-4.143764496,-1.006163239,9.759963036
13.35209489,-6.50444746,-0.953490853,10.79904652
13.37011942,-11.13004494,-5.061941147,17.09100914
13.38817812,-8.946533203,-8.097788811,9.716867447
13.40621942,-2.616263866,-6.680421352,2.017114878
13.42426067,-8.611345291,-4.630984783,4.918887615
13.44230192,-3.430292368,-4.860827923,7.025784969
13.46034317,-4.076726913,-6.35959816,5.172672749
13.47838442,-4.646546841,-7.853579998,4.885368347
13.49642567,-4.01447773,-7.21193409,4.444835663
13.51446692,-2.549226284,-6.982090473,4.693832397
13.53250817,-1.127070427,-7.666832447,4.08570528
13.55054968,-0.858919859,-8.974066734,3.645172119
13.5685914,-0.70569098,-9.586981773,3.764882088
13.58663312,-0.585980892,-10.070611,3.573346138
13.60467484,-1.050456047,-10.91815853,2.740163803
13.6227163,-0.839766264,-10.97083092,2.261323452
13.64075755,-1.481412292,-11.0235033,2.668337822
13.6587988,-1.567603588,-10.64043045,2.19428587
13.67684005,-1.692102075,-10.01315022,1.495178938
13.6948813,-1.476623893,-9.510367393,1.456871748
13.71292255,-0.763151765,-9.596558571,0.901416957
13.7309638,-0.638653278,-9.912593842,0.987608194
13.74900505,-0.279523045,-9.697115898,0.939724147
13.76704645,0.050876785,-9.941324234,0.618901134
13.78508817,-0.514154792,-9.979631424,0.527921498
13.80312989,-0.676960528,-9.644442558,0.192733243
13.82117161,-1.371279001,-9.500790596,0.724246025
13.83921317,-1.127070427,-9.261370659,0.379480958
13.85725442,-0.485424399,-8.945336342,-0.056263741
13.87529442,0.170586869,-8.744223595,-0.788889468
13.89333677,0.577601135,-9.213486671,-1.329979062
13.91137874,0.888847411,-9.227851868,-1.26294136
13.92942,1.00376904,-9.02673912,-1.401805043
13.94746124,0.678157628,-8.83999157,-1.109712481
13.9655025,-0.040102877,-8.911817551,-1.00436759
13.98354375,-0.55725044,-9.33319664,-1.047463298
14.001585,-1.112705231,-9.883863449,-0.899022758
14.01962625,-1.682525277,-9.845556259,-0.836773515
14.0376675,-0.495001197,-10.0753994,-0.784101069
14.05570885,1.405994892,-10.26214695,-1.502361536
14.07375057,2.473809004,-11.05702209,-1.713051319
14.09179229,2.076371431,-11.52149677,-0.827196658
14.10983427,0.093972415,-11.96681881,-0.032321721
14.1278726,-1.490989089,-11.53586197,0.70509243
14.14591703,-1.687313676,-11.26292324,1.567005038
14.16395833,-0.969053149,-11.66036129,2.184709072
14.18199958,-0.820612609,-12.3786211,2.093729496
14.20004083,-0.801459014,-13.59966373,2.012326479
14.21808208,-1.558026791,-13.99710178,1.974019289
14.23612333,-3.545214176,-13.07772827,1.916558504
14.25416458,-6.566696644,-11.81359005,1.18872118
14.27220583,-8.735843658,-12.3690443,-0.841561914
14.29024708,-9.056666374,-13.39376259,-5.457582951
14.30828854,-6.925827026,-13.3602438,-4.294000626
14.32633026,-4.186860085,-13.50389576,-1.349132657
14.34437198,-1.347337008,-12.12483597,-1.205480576
14.36240302,-0.533308446,-11.69866848,-1.133654475
14.38044385,-0.935534298,-11.55022717,-2.167949677
14.39849661,-1.921945453,-9.567828178,-1.267729759
14.41653786,-2.448669672,-8.088212013,-0.831985116
14.43457911,-2.046443939,-6.369174957,-1.234210968
14.45262036,-2.204461098,-6.038775444,-1.387439847
14.47066161,-1.256357312,-5.253477097,-1.243787766
14.48870286,-0.380079508,-4.635773182,-0.506373644
14.50674411,-0.226850614,-4.453813553,0.144849196
14.52478536,0.352546215,-4.415506363,0.609324336
14.54282661,0.304662168,-4.468178749,0.618901134
14.56086828,-0.37050271,-4.774636745,1.854309201
14.57891,-1.069609642,-5.27741909,3.190273762
14.59695171,-2.060809135,-6.05314064,5.05296278
14.6149927,-2.726397276,-6.211157799,5.761646271
14.63303255,-3.396773577,-6.627748966,7.538144112
14.65107609,-4.110245705,-7.743446827,7.878120899
14.66911755,-4.277839661,-9.132083893,7.916428089
14.6871588,-5.288193226,-11.57416916,8.553285599
14.70520005,-5.513247967,-13.15913105,8.965087891
14.7232413,-4.57472086,-11.52628517,7.61954689
14.74128255,-4.225167274,-9.060257912,5.708973885
14.7593238,-4.545990467,-7.154473305,3.338714361
14.77736505,-3.664924145,-6.589441776,1.212663174
14.7954063,-4.335300922,-9.337985039,1.318008065
14.81344765,-4.933851242,-13.64276028,6.187814236
14.83148937,-4.493318081,-18.53650856,3.060986757
14.84953109,-4.617816448,-15.68262005,2.060210466
14.86757281,-2.75033927,-8.207921982,-2.249352455
14.88561442,-1.960252643,-4.075530052,-4.361038208
14.90365567,0.984615445,-3.802590847,-3.599682331
14.92169692,5.2415061,-6.747458935,-5.505466938
14.93973817,5.198410511,-12.74732876,-5.754463673
14.95777942,3.067570925,-15.67304325,-1.631648421
14.97582067,1.013345838,-15.01703167,2.773682594
14.99386192,-0.121505737,-11.4257288,0.767341673
15.01190317,-0.356137514,-7.844003201,-1.698686123
15.02994442,0.424372256,-7.336432457,-1.641225219
15.04798599,0.242412925,-8.452130318,-1.018732786
15.0660277,-0.547673643,-10.77450657,-0.52073884
15.08406942,0.500986695,-12.51748466,-0.262165099
15.10211114,4.08271265,-13.19743824,0.810437262
15.12013432,4.75787735,-12.57494545,0.59495914
15.13819406,4.073135853,-10.32918453,-0.156820208
15.15623531,3.321356297,-9.610923767,0.130484
15.17427656,2.392405987,-8.854356766,-0.731428623
15.19231781,1.880046844,-8.782530785,-1.521515131
15.21035906,-0.025737667,-8.653243065,-0.903811157
15.22840031,0.33339259,-8.744223595,0.719457626
15.24644156,0.673369229,-8.998008728,-0.563834488
15.26448281,1.405994892,-8.940547943,-1.564610839
15.28252406,1.262342811,-8.624512672,-0.712275028
15.30056541,1.55922389,-9.050681114,0.657208383
15.31860713,2.325368404,-10.4393177,-0.209492654
15.33664885,1.664568782,-11.76570606,-0.171185419
15.35469057,0.304662168,-12.63240719,0.432153404
15.37273218,0.213682503,-14.12160015,1.073799491
15.39077343,-0.035314474,-15.26124001,1.107318282
15.40881468,-0.394444734,-15.65867805,0.16879122
15.42685593,-1.462258697,-15.8550024,1.787271619
15.44489718,-2.573168278,-14.33707809,1.552639842
15.46293843,-4.244320869,-14.26046371,1.825578809
15.48097968,-3.631405354,-15.23250961,3.01310277
15.49902093,-1.74956286,-16.42003441,3.357867956
15.51706218,-2.668936253,-17.10956383,1.533486247
15.53510369,-5.810129166,-17.93316841,-1.617283225
15.55314541,-6.901885033,-17.84697723,-1.325190663
15.57118713,-5.326500416,-17.10956383,0.10175357
15.58922885,-2.137423515,-17.10477638,1.126471877
15.60727031,-2.161365509,-16.43439865,1.389834046
15.62531,-2.898779631,-13.90612221,1.648407817
15.64335234,-2.874837637,-11.68909168,0.55665189
15.66139453,-2.142211914,-8.150461197,0.877474904
15.67943578,-0.346560687,-5.181651115,0.523133099
15.69747703,0.769137323,-4.678868771,0.05865794
15.71551828,-0.562038839,-4.712387562,-0.702698171
15.73355953,-1.534084797,-3.180098295,-1.018732786
15.75160078,-1.577180386,-2.145803213,-1.756146908
15.76964203,-1.371279001,-1.695693374,-1.784877419
15.78768328,-1.031302333,-0.647033036,-1.914164305
15.80572453,-0.356137514,0.597951889,-1.090558887
15.82376609,-0.504577994,1.139041424,-0.626083732
15.84180781,-1.735197663,0.564433038,2.424129248
15.85984234,-1.060032845,-0.493804097,4.440047264
15.87787796,1.434725404,-0.972644448,3.022679567
15.8959327,-0.720056176,-1.432331204,5.929240704
15.91397395,-1.285087705,-1.585560083,6.206967831
15.9320152,-0.806247413,-1.973420739,3.965995073
15.95005645,-6.79654026,-4.559158802,10.25795746
15.9680977,-10.84274101,-13.13040066,18.72385406
15.98613895,-3.487753391,-25.35040665,21.06538391
16.0041802,-0.662595332,-13.08730507,0.16879122
16.02222145,-6.016030312,-3.218405724,1.408987641
16.0402627,-6.365583897,-2.433107376,1.590947032
16.05830427,-3.703231573,-5.349245071,3.463212729
16.07634598,-3.281852007,-11.19109726,3.539827108
16.0943877,-4.589086056,-13.76247025,4.41610527
16.11241859,-3.56915617,-12.9675951,3.491943121
16.13045895,-1.304241419,-11.75612926,2.074575663
16.14851224,1.626261473,-10.13764858,1.552639842
16.16655348,1.856104851,-10.59733486,1.308431268
16.18459474,1.693299174,-11.25334644,1.619677424
16.20263598,1.271919608,-10.40101051,3.262099743
16.22067724,-0.63386488,-9.476848602,3.736151695
16.23871848,-1.581968784,-8.830414772,4.195838451
16.25675974,-1.625064373,-8.528744698,3.228580952
16.27480099,-0.375291109,-8.25101757,2.184709072
16.29284224,-0.504577994,-7.839214802,1.892616391
16.3108839,-0.858919859,-7.786542416,2.586935043
16.32892562,-0.13108255,-8.021174431,2.486378431
16.34696734,0.874482155,-7.98765564,2.069787264
16.36500812,1.176151633,-7.844003201,2.706645012
16.38304812,1.061229944,-8.054693222,2.060210466
16.40109187,0.572812736,-9.112930298,1.801636815
16.41913312,1.52570498,-10.0562458,1.56221664
16.43717437,2.306214809,-11.45924759,1.686715126
16.45521562,1.386841297,-12.30679512,1.126471877
16.47325687,-0.399233133,-12.3881979,0.125695586
16.49129812,-1.634641171,-13.25489902,0.59495914
16.50933937,-2.448669672,-15.04576206,1.753752708
16.52738062,-3.684077978,-16.78874016,2.960430384
16.54542187,-3.851671934,-19.1494236,3.630806923
16.56346328,-3.037643433,-17.61234665,4.267664433
16.581505,-4.368819714,-14.53340244,3.721786499
16.59954671,-2.879626036,-11.90456963,3.898957491
16.61758843,-0.504577994,-11.35869122,5.929240704
16.63563,1.267131209,-12.11047077,7.753622055
16.65367125,1.678933978,-13.03463268,7.394492149
16.6717125,0.96546185,-13.97315979,4.033032894
16.68975375,-2.458246708,-15.83584881,0.93014735
16.707795,-4.53641367,-16.52537918,0.063446343
16.72583624,-4.871602058,-14.24609852,-0.81761986
16.7438775,-4.364031315,-12.72817516,-1.507149935
16.76191874,-2.913144827,-12.66592598,-1.373074651
16.77996,-1.826177359,-13.54699135,5.646724701
16.79800151,-0.662595332,-11.19109726,0.221463651
16.81604322,-0.451905578,-8.093000412,0.618901134
16.83408494,-1.48620069,-5.60781908,0.55665189
16.85212666,-1.352125406,-3.524863482,-0.209492654
16.87016812,-1.270722508,-2.466626406,-0.554257691
16.88820937,-0.830189467,-2.193687201,-1.416170359
16.90625062,-1.198896527,-1.221641421,-1.464054346
16.92429187,-0.552462041,0.181360781,-1.15280807
16.94233312,0.151433259,0.923563302,-0.458489627
16.96037437,0.208894104,1.474229693,0.326808542
16.97841562,0.228047714,0.688931525,2.586935043
16.99645687,0.247201324,-0.421978056,3.38180995
17.01449812,1.611896276,-1.010951638,2.668337822
17.03253974,-1.275510907,-2.82575655,10.35851383
17.05058145,-5.340865612,-7.130531311,7.844601631
17.06862317,-7.088632584,-16.68818474,14.85003567
17.08666489,-5.379172802,-22.73593712,6.958747387
17.10470624,-3.93786335,-13.26447582,4.473566055
17.12272474,-5.31213522,-6.105813026,1.892616391
17.14078765,-4.047996521,-4.065953255,1.844732404
17.15883041,-2.683301449,-5.593453884,1.428141356
17.17687166,-1.869272947,-9.95568943,2.021903276
17.19491291,-1.495777488,-14.3179245,2.625242233
17.21295416,-1.146224022,-15.84542561,3.38180995
17.23099541,-0.317830265,-13.48953056,3.616441727
17.24903666,0.299873769,-10.68831539,2.395398855
17.26707791,0.079607204,-9.309254646,2.246958256
17.28511916,-0.653018534,-8.322843552,1.768117905
17.30316046,-1.883638144,-8.576628685,2.122459888
17.32120218,-1.89800334,-9.721057892,3.491943121
17.3392439,-0.959476352,-11.0474453,3.468001127
17.35728562,0.941519797,-10.88942814,2.309207439
17.37532729,1.07559514,-9.060257912,1.677138329
17.39336854,1.683722377,-7.365162849,1.528697729
17.41140979,0.740406871,-6.996456146,0.547075093
17.42945104,0.036511578,-7.207145691,1.385045648
17.44749229,-1.294664621,-8.696338654,2.749740601
17.46553354,-1.194108129,-9.452906609,1.988384485
17.48357479,-0.523731649,-9.467271805,0.963666201
17.50161604,0.673369229,-9.203909874,0.537498295
17.51965729,1.415571809,-9.898228645,0.288501293
17.53769869,0.888847411,-10.75535297,0.843956113
17.55574041,-1.036090732,-10.14722538,0.973242998
17.57378213,-1.304241419,-11.18152046,0.920570552
17.59182385,-0.686537325,-12.58931065,0.839167714
17.60986536,-0.308253467,-14.37059689,0.432153404
17.62790661,0.093972415,-15.8550024,0.681150377
17.64594786,-0.399233133,-17.74163246,0.585382342
17.66398911,-2.04165554,-17.21012115,1.18872118
17.68203036,-3.760692358,-15.46235275,2.428917646
17.70007161,-5.795763969,-14.20300293,3.391386747
17.71811286,-4.747103214,-12.66592598,4.368220806
17.73615411,-2.26671052,-12.84788513,6.609193802
17.75419536,-1.146224022,-12.92928791,8.447940826
17.77223698,-1.050456047,-13.22616863,5.804741859
17.79027869,-0.825401008,-13.99710178,2.333149672
17.80832041,-1.117493629,-15.32827759,1.092953086
17.82636213,0.936731398,-14.3275013,-1.722628117
17.84440343,0.874482155,-13.56135654,-0.089782566
17.86243401,-2.491765499,-13.22138023,1.07858789
17.88047437,-4.364031315,-9.907805443,0.216675252
17.8985277,-5.31213522,-10.80802536,3.520673513
17.91656895,-2.798223257,-9.443329811,0.432153404
17.9346102,-1.371279001,-7.934982777,0.685938776
17.95265145,-1.591545582,-5.282207489,0.810437262
17.9706927,-1.82138896,-3.433883905,0.580593884
17.98873395,-1.467047095,-2.615066767,-0.357933164
18.0067752,-0.648230135,-1.85849905,-0.836773515
18.02481645,-1.304241419,-0.896030009,-0.741005421
18.0428577,-1.677736878,-0.120308638,-0.401028782
18.06089927,-1.016937137,-0.019752163,0.412999779
18.07894098,-0.423175156,-0.091578215,0.915782154
18.0969827,-0.85413146,-0.421978056,3.185485363
18.11502442,-1.390432596,-1.413177609,4.344278812
18.13306583,-0.274734646,-1.915959954,2.122459888
18.15110708,0.33339259,-2.686892748,2.606088638
18.16914833,-4.948216438,-5.756259441,7.614758492
18.18718958,-12.63839245,-11.47361279,11.92432117
18.20523083,-7.720701694,-13.38897419,15.14212894
18.22327208,-3.152565002,-13.24053383,5.029020786
18.24131333,-6.643311024,-10.24299335,5.871779442
18.25935458,-4.79019928,-8.332420349,2.371456861
18.27739583,-2.812588453,-8.059481621,3.894169092
18.29543744,-2.15657711,-9.337985039,3.851073503
18.31347916,-1.926733851,-10.97561932,4.248510838
18.33152088,-1.04087913,-11.26292324,3.290830135
18.3495626,0.271143347,-11.61726475,2.328361034
18.3676039,1.094748735,-11.54065037,2.294842243
18.38564515,1.74597156,-10.60212326,2.950853586
18.4036864,0.960673451,-9.926959038,2.993949175
18.42172765,-0.89243871,-9.658807755,3.219004154
18.4397689,-1.538873196,-8.950124741,2.37624526
18.45781015,-1.495777488,-8.739435196,1.739387512
18.4758514,-1.313818216,-9.280524254,2.290053844
18.49389265,0.400430232,-9.950901031,0.978031397
18.51193395,2.143409014,-10.53029728,0.997184992
18.52997567,3.201646328,-10.24299335,1.758541107
18.54801739,2.387617588,-8.969278336,1.959654093
18.56605911,0.319027364,-8.452130318,0.618901134
18.58410078,-2.865260839,-8.792107582,2.218227863
18.60214203,-3.439869404,-9.06504631,4.104858875
18.6201827,-1.988983035,-9.63965416,3.34350276
18.63822385,1.281496406,-9.376292229,1.801636815
18.65626604,2.550423384,-9.749788284,0.843956113
18.67430765,1.468244195,-9.625288963,-0.152031809
18.6923489,0.352546215,-8.40424633,-0.66917938
18.71039015,-0.308253467,-8.461707115,-1.430535555
18.7284314,-0.207697004,-8.021174431,-1.679532528
18.74647265,-0.231639013,-8.217498779,-1.205480576
18.7645139,0.002992752,-8.428188324,-1.306037068
18.78255515,0.031723171,-9.170391083,-0.563834488
18.8005964,-0.049679685,-10.81760216,0.020350715
18.81863765,-0.020949265,-12.3834095,-0.501585245
18.83667921,-0.772728622,-13.25011063,-2.488772631
18.85472093,-1.371279001,-13.87739182,-4.954800606
18.87276265,-0.720056176,-16.35778427,-6.338648796
18.89080437,0.26156655,-17.14787102,-4.667496204
18.90884573,-2.573168278,-13.81993103,-0.003591303
18.92688698,-4.196436882,-15.88852119,0.671573579
18.94492823,-4.004900932,-15.04576206,1.452083349
18.96296948,-2.735974073,-12.43129349,2.764105797
18.98101073,-0.246004224,-11.78007126,5.795165062
18.99905198,0.821809709,-11.28686523,6.005855083
19.01709322,1.257554412,-10.26693535,4.598064423
19.03513448,1.166574836,-9.500790596,3.108870983
19.05317572,1.166574836,-9.405022621,1.734599113
19.07121739,0.122702837,-9.754576683,0.116118781
19.08925911,-0.969053149,-10.12807178,-1.890222192
19.10730083,-2.22840333,-10.35791492,-3.374627352
19.12534244,-5.431845188,-11.4113636,-3.853467703
19.14338369,-6.423044682,-11.09054089,-4.121618271
19.16142494,-4.914697647,-10.87506294,-0.128089786
19.17946619,-4.38318491,-10.51593208,4.674678802
19.19750744,-4.426280499,-11.53586197,1.045069098
19.21554869,-3.82772994,-10.74577618,-2.82396102
19.23358994,-3.550002575,-9.682749748,-0.051475335
19.25163119,-2.917933226,-8.456918716,1.753752708
19.26967244,-1.864484549,-7.772177219,1.696291924
19.28771411,-1.088763237,-6.412270546,0.365115762
19.30575583,-0.945111096,-5.2391119,0.475249052
19.32379755,-0.715267777,-4.607042789,0.475249052
19.34183927,-0.921169102,-3.864840031,0.197521642
19.35988067,-0.461482376,-3.639785051,0.231040463
19.37791963,-0.140659347,-3.840898037,0.05865794
19.3959626,0.017357962,-3.97497344,0.489614248
19.41400474,-0.341772288,-4.056376457,0.575805485
19.43204598,-0.715267777,-4.334103584,0.681150377
19.45008724,-1.423951507,-4.90871191,1.557428241
19.46812848,-2.395997286,-5.923853397,2.673126221
19.48616974,-3.152565002,-7.293336868,4.473566055
19.50421098,-3.08552742,-7.274183273,6.082469463
19.52225224,-3.506906986,-7.743446827,6.9108634
19.54029349,-4.095880508,-9.290101051,7.016208172
19.55833474,-4.220378876,-10.84633255,7.791929245
19.57637635,-3.875613928,-12.51269627,9.271546364
19.59441807,-3.540425777,-14.00189018,9.898826599
19.61245979,-2.889202833,-12.80957794,8.155848503
19.63050151,-3.669712543,-10.51593208,4.583699226
19.64854281,-3.650558949,-8.72507,2.457648039
19.66658406,-4.201225281,-11.0522337,1.96923089
19.68462531,-3.487753391,-13.78162384,2.577358246
19.70266656,-3.593098164,-14.96914768,2.515108824
19.72070781,-2.726397276,-10.90379333,1.533486247
19.73874906,-2.764704466,-5.765836239,-2.177526474
19.75679031,-2.587533474,-4.678868771,-2.15358448
19.77483156,-0.614711285,-6.560711384,-2.081758261
19.79287281,2.4881742,-9.127295494,-5.931634903
19.81091437,4.053982258,-11.4257288,-6.199785233
19.82895609,1.903988957,-13.14955425,-0.324414343
19.84699781,-1.222838521,-12.3881979,3.424905539
19.86503953,-2.170942307,-10.38664532,1.136048675
19.88308088,-1.744774461,-8.744223595,-2.474407434
19.90112213,-0.772728622,-8.437765121,-2.278082848
19.91916338,-0.681748927,-9.859921455,-1.26294136
19.93720463,0.807444513,-10.13286018,-0.673967779
19.95524588,1.171363235,-10.94210052,-1.612494826
19.97328713,1.573589087,-10.37228012,-2.517503023
19.99132838,1.899200439,-10.11370659,-2.919728994
20.00936963,1.343745708,-9.462483406,-2.555810213
20.02741088,-0.030526072,-9.778518677,-1.325190663
20.0454525,-0.293888271,-9.577404976,-1.722628117
20.06349421,0.151433259,-9.299677849,-2.182314873
20.08153593,0.127491236,-9.074623108,-2.407369852
20.09957765,1.137844324,-9.428964615,-2.661155224
20.11761895,1.286284804,-9.577404976,-2.287659645
20.1356602,1.535281897,-9.749788284,-2.718616009
20.15370145,0.821809709,-9.888651848,-1.957259893
20.1717427,1.698087573,-9.893440247,-1.531091928
20.18978395,2.320580006,-9.395445824,-1.660378933
20.2078252,1.592742682,-9.44811821,-1.013944387
20.22586645,0.749983668,-9.390657425,-0.961272001
20.2439077,0.659004033,-9.151237488,-1.306037068
20.26194895,1.391629696,-9.476848602,-1.138442874
20.27999052,1.942296147,-9.826402664,-0.841561914
20.29803224,2.152985811,-10.0610342,-0.257376671
20.31607395,1.74597156,-10.09934139,-0.137666598
20.33411567,1.353322506,-10.02272701,0.480037451
20.35215703,1.200093627,-10.47762489,1.480813742
20.37018052,1.726817966,-10.82717896,1.983596087
20.38823979,1.037287831,-10.98998451,3.649960518
20.40628119,-0.001795651,-11.86626244,3.544615507
20.42432244,-1.725620866,-13.66191387,3.314772367
20.44236369,-3.957016945,-16.4679184,3.98036027
20.46040494,-5.699995518,-15.2756052,1.313219666
20.47844619,-8.745420456,-11.87105083,-0.262165099
20.49648744,-9.612121582,-13.81993103,1.863885999
20.51452869,-8.745420456,-18.27314568,-0.396240383
20.53256994,-6.461351871,-21.04563141,-2.943670988
20.55061119,-2.357690096,-20.19329643,-4.222174644
20.56865276,-1.553238392,-18.82859993,0.465672225
20.58669448,-4.397550106,-17.43517494,4.76086998
20.60473619,-4.900332451,-16.34820747,0.618901134
20.62277791,-2.702455282,-11.57416916,-0.238223076
20.64081927,1.291073322,-10.0658226,0.949300945
20.65886052,0.175375268,-8.859145164,-1.176750183
20.67690177,-0.466270775,-8.681973457,1.662773132
20.69494302,-2.099116325,-7.709928036,1.677138329
20.71298427,-2.051232338,-6.345232964,-0.257376671
20.73102552,-0.499789596,-3.702034473,0.345962137
20.74906677,-0.198120192,-1.403600693,0.561440289
20.76710802,0.601543188,-1.317409515,0.494402647
20.78514927,0.070030399,-1.365293503,1.796848416
20.80319083,-0.10235212,-0.747589469,2.486378431
20.82123255,-0.921169102,0.219668001,2.970007181
20.83927427,-2.185307503,0.741603971,2.931699991
20.85731599,-2.166153908,-0.728435874,6.3218894
20.87535734,-1.423951507,-1.791461468,6.542156219
20.89339859,-1.692102075,-1.915959954,6.221333027
20.91143984,-3.056797028,-2.04524684,5.665878296
20.92948109,-7.136516571,-3.189675331,7.437587738
20.94752234,-15.68860531,-9.826402664,21.34790039
20.96556359,-2.621052265,-8.294113159,8.58680439
20.98360484,-3.880402327,-6.929418087,6.915651798
21.00164609,-5.714360714,-4.013280392,2.744952202
21.01968734,-6.3512187,-6.608595371,4.214992046
21.03772885,-6.025607109,-10.23341656,3.846285105
21.05577057,-5.010465622,-11.36347961,3.582922935
21.07381229,-4.493318081,-10.42016411,3.673902512
21.09185401,-2.803011656,-9.237428665,4.325125217
21.10989546,-1.332971811,-9.395445824,3.49673152
21.12793442,-0.035314474,-10.25257015,2.82156682
21.14597739,0.347757787,-11.83274364,2.596511841
21.16401958,1.209670424,-11.59332275,2.486378431
21.18206083,0.754772067,-11.78007126,2.879027605
21.20010208,1.15220952,-11.00434971,3.123236179
21.21814333,1.305438519,-9.984419823,2.725798607
21.23618458,0.769137323,-9.136872292,2.227804661
21.25422583,-0.250792623,-9.079411507,3.056198359
21.27226708,-0.097563721,-8.974066734,3.908534288
21.29030833,-0.054468088,-9.534309387,2.788047791
21.30834958,-0.471059173,-9.52473259,2.357091665
21.32639093,0.036511578,-9.270947456,2.653972626
21.34443265,0.960673451,-8.954913139,2.586935043
21.36247437,1.295861721,-8.246229172,2.151190281
21.38051609,0.874482155,-8.136096001,1.964442492
21.39855765,0.635061979,-8.701127052,1.74896431
21.4165989,-0.164601371,-9.17996788,2.443282843
21.43464015,-0.332195491,-9.433753014,2.371456861
21.4526814,1.018134236,-10.00836182,0.106541976
21.47072265,1.425148606,-10.14722538,-0.774524272
21.4887639,-0.619499683,-9.472060204,-0.377086759
21.50680515,-1.52450788,-9.472060204,0.369904161
21.5248464,-0.456693977,-10.70746899,-0.673967779
21.54288765,0.836174965,-13.04420948,-1.095347285
21.5609289,0.831386566,-15.15110683,-0.650025785
21.57897062,-0.700902522,-16.49185944,-0.276530296
21.59701234,-2.980182648,-18.01935959,-0.621295333
21.61505406,-4.287416458,-15.89809799,0.40821138
21.63309573,-5.72872591,-15.79754162,0.934935749
21.65113698,-5.939415932,-14.60044098,1.935712099
21.66917822,-4.972158432,-13.23574543,5.16788435
21.68721948,-2.836530447,-12.86703873,8.850166321
21.70526072,-2.410362482,-14.2987709,9.415198326
21.72330198,-2.501342297,-14.39453888,1.567005038
21.74134322,-2.060809135,-13.45122337,-3.04901576
21.75938448,-1.644217968,-13.03942108,-2.37863946
21.77742572,-0.413598329,-12.17750835,-1.363497853
21.79546698,-1.471835494,-13.04420948,0.700303972
21.81350859,-3.061585426,-10.85590935,3.582922935
21.83155031,-5.35044241,-10.29087734,3.491943121
21.84959203,-3.334524393,-9.160814285,1.15520227
21.86763375,-1.950675845,-7.575852871,0.805648863
21.88567505,-2.654571056,-6.666056156,2.060210466
21.9037163,-2.510919094,-6.077082634,2.400187254
21.92175755,-1.572391987,-5.938218594,1.418564558
21.9397988,-0.796670616,-4.860827923,1.456871748
21.95784005,-0.801459014,-3.448249102,0.580593884
21.9758813,-1.031302333,-1.647809267,0.44651863
21.99392255,-0.89243871,-0.330998391,0.369904161
22.0119638,-1.170166135,0.190937579,0.005985504
22.03000505,-0.265157849,0.085592709,0.934935749
22.04804661,0.903212607,-0.240018725,2.644395828
22.06608833,-0.643441677,-0.192134693,3.879803896
22.08413005,-0.533308446,-1.283890605,6.393715858
22.10217177,-0.763151765,-2.753930569,8.371326447
22.12019489,-2.113481522,-4.894346714,11.34013653
22.13825458,-3.205237627,-6.718728542,12.63779354
22.15629583,-2.937086821,-10.27651215,11.12465858
22.17433708,-7.261015415,-10.76014137,3.94205308
22.19237833,-8.017582893,-10.49199009,4.329913616
22.21041958,-6.193201065,-9.443329811,5.177461147
22.22846083,-6.901885033,-9.414599419,3.932476282
22.24650208,-6.370372295,-9.251793861,3.214215755
22.26454333,-3.798999548,-8.686761856,3.228580952
22.28258458,-1.352125406,-9.084199905,3.740940094
22.30062583,0.127491236,-10.55902767,3.305195332
22.3186675,0.457891077,-12.45044708,2.37624526
22.33670921,1.085171938,-12.54621506,2.663549423
22.35475093,1.085171938,-11.51191998,3.396175146
22.37279265,0.769137323,-11.10490608,3.161543369
22.3908339,0.237624526,-10.21426296,3.367444754
22.40887515,-0.087986909,-9.309254646,3.290830135
22.4269164,-0.456693977,-8.322843552,2.45285964
22.44495765,-0.763151765,-8.835203171,2.00753808
22.4629989,-0.85413146,-9.687539101,1.729810715
22.48104015,0.726041675,-10.25735855,1.571793437
22.4990814,1.415571809,-9.428964615,1.916558504
22.51712265,1.185728431,-8.322843552,1.586158633
22.5351639,-0.246004224,-7.518392086,1.624465823
22.55320546,-1.045667648,-7.293336868,1.729810715
22.57124718,-1.241992116,-8.308478355,2.213439465
22.5892889,-0.552462041,-8.701127052,1.270123959
22.60733062,-0.423175156,-9.290101051,2.333149672
22.62537198,0.510563493,-9.888651848,2.074575663
22.64341322,1.305438519,-10.82717896,0.130484
22.66145448,1.583165884,-10.58296967,-0.582988143
22.67949572,-0.66738373,-9.280524254,0.441730201
22.69753698,-0.011372458,-9.998785019,0.729034424
22.71557822,1.305438519,-11.55501556,0.805648863
22.73361948,1.382052898,-13.37460899,0.331596941
22.75166072,-0.313041866,-16.61157036,-0.357933164
22.76970198,-1.495777488,-19.37447929,0.757764816
22.78774343,-5.264250755,-17.78951645,1.902193308
22.80578515,-8.582614899,-15.06970406,3.05140996
22.82382687,-8.69274807,-13.49910736,3.05140996
22.84186859,-4.450222492,-12.74732876,3.511096716
22.8599101,-0.863708258,-12.62282944,5.076904774
22.87794979,0.979827046,-13.20222664,8.366538048
22.8959926,1.48739779,-13.68106747,8.524555206
22.91403416,1.286284804,-14.23173332,3.027467966
22.93207541,-0.269946247,-14.43284607,-1.583764434
22.95011666,-1.629852772,-15.11279964,-0.750582218
22.96815791,-3.061585426,-13.87260342,-1.018732786
22.98619916,-3.746327162,-13.51826096,-0.755370617
23.00424041,-3.775057554,-10.98519611,-1.291671872
23.02228166,-4.579509258,-11.09532928,4.23893404
23.04032291,-2.166153908,-11.31559563,1.069011092
23.05836416,-1.232415318,-9.936535835,1.246181965
23.07640567,-1.89800334,-7.187992096,1.33716166
23.09444739,-1.941099048,-4.702810764,0.604535937
23.11248911,-1.285087705,-3.074753523,-0.305260718
23.13053083,-0.030526072,-2.495356798,-0.056263741
23.14857224,-0.748786569,-1.844133854,-1.41138196
23.16661349,-0.935534298,-0.330998391,-1.444900751
23.18465474,-1.452681899,0.846948862,-0.932541549
23.20269599,-0.336983889,1.589151382,-0.582988143
23.22073724,0.055665191,1.378461599,-0.477643251
23.23877849,0.323815793,0.090381116,2.462436438
23.25681974,-0.356137514,-1.18812263,3.415328741
23.27486099,-1.907580256,-2.112284422,7.370550156
23.29290224,-6.38952589,-7.21193409,15.97052288
23.31094364,-6.968922615,-10.56860447,12.30739403
23.32898536,-4.483741283,-14.98351288,14.51005936
23.34702708,-0.576404035,-9.160814285,3.290830135
23.3650688,-4.45979929,-6.642114162,2.476801634
23.38311031,-5.714360714,-7.029974937,2.462436438
23.40115156,-4.560355663,-7.776965618,5.230133533
23.41919281,-5.16848278,-9.275735855,5.09126997
23.43723406,-5.518036366,-9.998785019,3.946841478
23.45527531,-3.837306738,-10.31481934,3.53503871
23.47331656,-1.816600561,-10.87027454,2.45285964
23.49135781,-0.55725044,-12.47917747,0.925358951
23.50939906,0.749983668,-12.09131718,1.327584863
23.52744031,0.615908384,-11.71782207,1.686715126
23.54548156,0.438737452,-11.32517242,2.472013235
23.56352328,-0.135870948,-10.78408337,2.922123194
23.581565,-0.858919859,-9.831191063,3.415328741
23.59960671,-1.428739905,-8.648454666,2.237381458
23.61764838,-1.792658567,-8.083423615,1.514332533
23.63568963,-1.390432596,-8.681973457,2.064998865
23.65373088,0.218470901,-9.21827507,1.902193308
23.67177213,1.085171938,-9.352350235,1.878251195
23.68981338,0.917577803,-8.63408947,1.863885999
23.70785463,-0.380079508,-8.375515938,1.064222693
23.72589588,-1.352125406,-8.768165588,1.389834046
23.74393713,-1.107916832,-8.935759544,1.260547161
23.76197838,-1.208473325,-9.055469513,1.940500498
23.78001963,-0.839766264,-9.189544678,1.15520227
23.7980613,-0.313041866,-9.701904297,1.274912357
23.81610302,1.291073322,-10.19510937,0.503979445
23.83414474,1.4490906,-10.99956131,0.10175357
23.85218645,-0.360925913,-11.19588566,0.59495914
23.87020953,-0.782305419,-11.4353056,1.356315255
23.88826906,-0.878073454,-12.24454594,1.121683478
23.90631052,-1.878849745,-13.76725864,0.791283667
23.92435177,-1.562815189,-14.83028412,1.648407817
23.94239302,-0.964264751,-16.68818474,2.108094692
23.96043427,-1.82138896,-16.75043297,0.82001406
23.97847552,-4.253897667,-13.66191387,1.634042621
23.99651677,-6.044760704,-12.14877796,3.922899485
24.01455802,-3.684077978,-12.21102715,6.288370609
24.03259927,-1.457470298,-13.47995377,9.022548676
24.05064052,0.730830073,-15.26124001,9.089587212
24.06868203,1.59753108,-15.94119358,3.515885115
24.08672374,1.224035621,-16.67860794,-1.157596469
24.10476546,-1.792658567,-16.34820747,-0.405817181
24.12280718,-3.071162224,-14.77761173,-0.195127443
24.14084859,-2.405574083,-16.0752697,1.48560214
24.15888984,-2.673724651,-14.87337971,1.983596087
24.17693109,-4.033631325,-14.04498577,1.576581836
24.19497234,-3.186083794,-13.64754868,1.303642869
24.21301359,-1.888426542,-11.56938076,0.872686505
24.23105484,-1.893214941,-8.389881134,2.304419041
24.24909609,-1.658583283,-5.890334606,1.619677424
24.26713734,-0.676960528,-4.401141167,0.978031397
24.28517859,-1.093551636,-4.286219597,-0.08499416
24.3032201,-1.807023764,-3.778648853,0.034715924
24.32126182,-1.596333981,-2.361281395,-1.349132657
24.33930354,-1.71125567,-1.073200941,-1.157596469
24.35734526,-1.471835494,-0.627879381,-1.095347285
24.37538666,-1.141435623,-0.551264942,-0.276530296
24.39342791,-0.643441677,0.028131871,0.183156431
24.41146916,-0.74399817,0.449511379,1.629254222
24.42951041,-1.543661594,-0.096366622,2.213439465
24.44755166,-1.955464244,-0.857722759,3.252522945
24.46559291,-2.04165554,-0.81941551,4.267664433
24.48363416,-2.941875219,-0.378882408,5.847837448
24.50167541,-3.698443174,0.14784196,7.61954689
24.51971666,-4.502894878,-0.666186631,8.476671219
24.53775823,-4.320935726,-1.145026922,9.28591156
24.55579994,-4.301782131,-1.11629653,9.956287384
24.57384166,-4.071938515,-1.044470549,10.38724422
24.59188338,-7.964910507,-2.461838007,13.79179859
24.60992484,-15.39651299,-7.858368397,23.30156898
24.62796453,-10.9049902,-8.950124741,16.82764626
24.64600734,-5.240308762,-1.915959954,4.803965569
24.66404895,-1.778293371,1.210867524,-0.884657502
24.6820902,-5.594650745,-3.654150248,8.151060104
24.70013145,-6.245873451,-7.54233408,7.91163969
24.7181727,-6.94976902,-8.049904823,2.970007181
24.73621395,-7.323264599,-7.757812023,2.768894196
24.7542552,-3.837306738,-6.579864979,4.214992046
24.77229645,-2.932298422,-6.991667747,3.630806923
24.7903377,-3.099892616,-7.427412033,3.908534288
24.80837895,-2.903568029,-7.781754017,4.176684856
24.82642052,-2.271498919,-8.150461197,4.660313606
24.84446224,-1.558026791,-8.40424633,4.564545631
24.86250395,-0.533308446,-8.504802704,4.334702015
24.88054567,0.151433259,-8.892663956,4.157531261
24.89858703,0.117914431,-9.539097786,3.482366323
24.91662828,-0.964264751,-10.37706852,3.554192305
24.93466953,-1.720832467,-9.950901031,3.448847532
24.95271078,-1.692102075,-9.697115898,3.056198359
24.97075203,-1.098340034,-9.52473259,2.175132275
24.98879328,-0.921169102,-9.654019356,2.328361034
25.00683453,-0.863708258,-9.467271805,1.839944005
25.02487578,-0.384867936,-9.52473259,1.418564558
25.04291703,-0.562038839,-9.60134697,1.107318282
25.06095869,-0.686537325,-9.606135368,1.476025343
25.07900041,-0.356137514,-9.457695007,0.872686505
25.09704213,-0.279523045,-9.40981102,0.638054729
25.11508385,0.074818805,-9.405022621,0.513556242
25.13312515,0.247201324,-9.740211487,0.690727174
25.1511664,-0.030526072,-9.80246067,0.269347698
25.16920765,0.050876785,-9.668384552,-0.156820208
25.1872489,0.007781155,-9.620500565,-0.444124401
25.20529015,-0.236427411,-9.883863449,-0.525527299
25.2233314,0.055665191,-9.91738224,-0.357933164
25.24137265,0.074818805,-9.792883873,-0.654814184
25.2594139,0.228047714,-9.812037468,-0.980425596
25.27745515,0.438737452,-10.01793861,-0.721851826
25.29549687,0.582389593,-10.21905136,-0.367509961
25.31353859,0.769137323,-10.28130054,0.020350715
25.33158031,0.812232912,-10.29566574,0.365115762
25.34962203,0.347757787,-9.941324234,0.207098454
25.36766328,0.328604192,-9.706692696,-0.329202741
25.38570453,0.639850378,-9.850344658,-0.444124401
25.40374578,1.348534107,-9.912593842,-0.990002394
25.42178703,1.750759959,-9.826402664,-1.574187636
25.43982828,1.013345838,-9.749788284,-1.74657011
25.45786953,-0.485424399,-9.654019356,-1.128866076
25.47591078,-1.438316703,-9.40981102,-0.420182407
25.49395203,-1.246780515,-9.855133057,-0.602141738
25.51199338,-0.700902522,-10.72662258,-1.119289279
25.5300351,-0.59555769,-12.62761879,-1.698686123
25.54807682,-1.103128433,-15.66825485,-1.942894697
25.56611854,-1.423951507,-15.81669521,-1.358709455
25.58416015,-3.248333216,-12.44565868,-0.094570965
25.6022014,-4.445434093,-11.06659889,1.432929754
25.62022489,-4.579509258,-9.984419823,1.404199243
25.63828416,-4.435857296,-8.940547943,0.642843127
25.65632567,-4.387973309,-7.982867241,-0.017956512
25.67436692,-4.493318081,-7.599794865,-0.750582218
25.69240817,-4.541202068,-8.217498779,-1.277306557
25.71044942,-3.12383461,-10.19989777,-1.871068597
25.72849067,-2.501342297,-11.87105083,-2.574964046
25.74653192,-1.457470298,-12.54142666,-2.890998602
25.76457317,-0.906803906,-12.22060394,-3.499125719
25.78261442,-1.00257194,-11.18152046,-3.250128746
25.80065578,-2.783858061,-10.28608894,-1.655590534
25.8186975,-4.186860085,-8.643666267,-1.296460271
25.83673921,-4.94342804,-6.986878872,-1.047463298
25.85478093,-4.670488834,-6.081871033,-1.464054346
25.87282255,-3.698443174,-6.000467777,-1.550245643
25.8908638,-2.592321873,-6.350021362,-1.535880446
25.90890505,-2.113481522,-6.675632954,-1.195903778
25.9269463,-1.706467271,-6.895899296,-0.894234359
25.94498755,-1.682525277,-7.187992096,-0.420182407
25.9630288,-1.687313676,-7.427412033,0.465672225
25.98107005,-1.390432596,-7.887098789,1.246181965
25.9991113,-1.165377736,-8.954913139,1.868674397
26.01715255,-1.012148738,-10.34833813,3.683479309
26.03519416,-0.825401008,-10.85112095,5.268440723
26.05323588,-1.4478935,-9.855133057,5.388150692
26.0712776,-1.787870169,-8.710704803,5.436035156
26.08931932,-2.52528429,-8.63408947,4.521450043
26.10736067,-3.320159197,-9.788095474,4.712985992
26.12540099,-3.794211149,-11.51191998,5.12957716
26.14344265,-3.291428804,-10.75535297,3.410540342
26.16148484,-2.558803082,-8.926182747,0.877474904
26.1795263,-4.062361717,-9.888651848,-0.492008448
26.19756755,-4.296993732,-11.63641834,0.810437262
26.2156088,-3.688866377,-13.52783775,3.42011714
26.23365005,-1.902791858,-14.22215652,6.561309814
26.2516913,-2.467823505,-12.14398956,0.609324336
26.26973255,-2.372055292,-8.298901558,-1.875856996
26.2877738,-2.850895643,-6.383540154,-2.488772631
26.30581505,-3.286640406,-6.508038998,-3.398569345
26.32385651,-1.4478935,-7.796119213,-2.876633406
26.34189822,1.947084546,-9.481637001,-2.005143881
26.35994046,3.254318714,-10.23341656,-2.37863946
26.37798171,1.037287831,-10.35312653,-3.12084198
26.39602296,-0.9307459,-10.0801878,-2.871845007
26.41406421,-1.270722508,-9.821614265,-2.053027868
26.43210546,-0.107140526,-9.663596153,-1.962048292
26.45014671,0.951096654,-10.12328339,-2.30681324
26.46818796,0.635061979,-10.66437244,-1.310825467
26.48622921,-0.169389769,-10.58775806,-0.611718535
26.50427046,-0.619499683,-10.20468616,-0.755370617
26.52231203,-0.581192434,-9.970054626,-1.358709455
26.54035375,0.376488209,-9.534309387,-1.760935307
26.55839546,0.831386566,-9.37150383,-2.04823947
26.57643718,0.826598108,-9.328408241,-2.225410461
26.59447864,0.611119986,-9.251793861,-2.589329243
26.61251989,0.247201324,-9.419387817,-2.440888643
26.63056114,-0.360925913,-9.33319664,-2.263717651
26.64860239,-0.035314474,-9.80246067,-1.727416515
26.66664364,0.194528893,-10.00836182,-1.847126603
26.68468489,0.175375268,-10.01315022,-1.229422569
26.70272614,0.228047714,-10.02272701,-1.238999367
26.72076739,0.74519527,-9.989208221,-1.602918029
26.73880885,1.243189216,-10.02751541,-1.646013618
26.75685057,1.501762986,-10.14243698,-1.502361536
26.77489229,1.444302201,-10.28608894,-1.325190663
26.79293401,1.080383539,-10.0897646,-1.48799634
26.81097557,0.424372256,-9.864709854,-1.70826292
26.82901682,0.146644861,-9.864709854,-1.751358509
26.84705807,0.022146367,-9.922170639,-1.875856996
26.86509932,-0.107140526,-9.883863449,-1.899798989
26.88314057,-0.332195491,-9.730634689,-1.952471495
26.90118182,-0.29867667,-9.457695007,-2.081758261
26.91922307,0.117914431,-9.577404976,-2.321178436
26.93726432,0.347757787,-9.610923767,-2.345120668
26.95530578,0.429160655,-9.668384552,-2.541445017
26.9733475,0.386065036,-9.591770172,-1.904587507
26.99138921,0.338180989,-9.744999886,-1.583764434
27.00943093,0.534505546,-9.87907505,-1.181538582
27.0274725,0.414795458,-9.792883873,-1.013944387
27.04551374,-0.198120192,-10.69789219,-1.224634171
27.063555,-0.418386757,-11.61726475,-1.521515131
27.08159625,-0.758363366,-11.80880165,-2.354697466
27.0996375,-1.778293371,-12.17271996,-2.531868219
27.11767875,-2.941875219,-12.25891113,-2.177526474
27.13572,-4.057573318,-11.55980396,-1.871068597
27.15376125,-4.656123638,-10.61648846,-1.30124867
27.17180276,-4.593874454,-9.452906609,-1.143231273
27.18984448,-3.947440147,-8.476072311,-1.310825467
27.20788619,-3.08552742,-7.638102055,-1.631648421
27.22592791,-2.692878246,-7.312490463,-1.985990286
27.24396948,-2.252345324,-7.652467251,-2.455253839
27.26201072,-2.285864115,-8.523956299,-2.440888643
27.28005198,-2.491765499,-9.079411507,-2.15358448
27.29809322,-2.439092875,-9.160814285,-1.97162509
27.31613448,-2.458246708,-8.911817551,-2.354697466
27.33417572,-3.066373825,-8.749011993,-2.488772631
27.35221698,-3.593098164,-8.619724274,-1.909375906
27.37024338,-3.952228546,-8.456918716,-1.454477549
27.38830088,-3.97617054,-8.255805969,-1.306037068
27.40634213,-3.918709517,-8.203133583,-1.162384868
27.42438338,-3.980958939,-8.294113159,-0.942118347
27.44242463,-4.09109211,-8.461707115,-0.831985116
27.46046588,-4.16770649,-8.629301071,-0.712275028
27.47850713,-4.105457306,-8.782530785,-0.468066424
27.49654838,-3.957016945,-8.911817551,-0.161608622
27.51458963,-3.918709517,-9.170391083,-0.132878199
27.53263104,-3.971382141,-9.357138634,-0.108936176
27.55067276,-4.148552895,-9.419387817,-0.257376671
27.56871448,-4.268262863,-9.275735855,-0.439336002
27.58675619,-4.349666119,-9.184756279,-0.487220049
27.60479786,-4.478952885,-9.055469513,-0.357933164
27.62283911,-4.431068897,-8.878298759,-0.281318694
27.64088036,-4.143764496,-8.820837975,-0.314837515
27.65892161,-3.870825529,-8.873510361,-0.439336002
27.67696286,-3.679289579,-8.787319183,-0.501585245
27.69500411,-3.511695385,-8.696338654,-0.463278025
27.71304536,-3.540425777,-8.863933563,-0.396240383
27.73108661,-3.684077978,-9.127295494,-0.424970806
27.74912823,-3.918709517,-9.117718697,-0.338779539
27.76716994,-4.019266129,-8.907029152,-0.396240383
27.78521166,-4.244320869,-8.940547943,-0.458489627
27.80325338,-4.292205334,-8.993220329,-0.41060558
27.82129489,-4.158129692,-8.907029152,-0.501585245
27.83933614,-3.86603713,-8.811261177,-0.539892495
27.85737739,-3.597886562,-8.614935875,-0.683544576
27.87541864,-3.564367771,-8.471283913,-0.41060558
27.89345989,-3.64577055,-8.231863976,-0.118512981
27.91150114,-3.602674961,-8.126519203,0.183156431
27.92954239,-3.430292368,-8.078635216,-0.04189853
27.94758369,-2.798223257,-8.088212013,-0.008379706
27.96562541,-2.582745075,-8.28932476,0.116118781
27.98366713,-2.692878246,-8.370727539,0.350750536
28.00170885,-3.099892616,-8.490437508,0.661996782
28.01975057,-3.166930199,-8.562263489,0.638054729
28.03779192,-3.166930199,-8.648454666,0.317231715
28.05583317,-3.066373825,-8.485649109,0.010773907
28.07387442,-3.12383461,-8.40424633,-0.353144765
28.09191567,-3.478176594,-8.437765121,-0.530315697
28.10995015,-4.01447773,-8.820837975,-1.674744129
28.12798624,-4.579509258,-10.0610342,-0.281318694
28.14604057,-6.054337502,-11.18152046,-0.731428623
28.16408182,-7.213130951,-16.38172722,-1.401805043
28.18212307,-4.579509258,-20.17893028,-0.343567938
28.20016432,2.866457939,-10.12328339,6.235698223
28.21820557,2.808997154,-6.986878872,1.313219666
28.23624682,-0.26036942,-6.445789337,-2.397793055
28.25428807,-2.937086821,-10.70268059,1.839944005
28.27232948,-0.85413146,-11.49276638,0.073023155
28.29037119,1.506551385,-10.81760216,-2.71382761
28.30841291,0.749983668,-9.582193375,-2.603694439
28.32645463,0.050876785,-8.772953987,-3.063380957
28.34449635,0.189740479,-8.409034729,-3.211821556
28.36253765,0.275931746,-8.935759544,-3.293224335
28.3805789,0.424372256,-9.52473259,-2.531868219
28.39862015,0.304662168,-9.91738224,-1.780089021
28.4166614,0.170586869,-9.859921455,-1.607706428
28.43470265,-0.140659347,-9.500790596,-0.9660604
28.4527439,-0.269946247,-9.52473259,-0.458489627
28.47078515,-0.375291109,-9.778518677,-0.046686932
28.48882682,0.156221658,-10.38185692,0.10175357
28.50686854,1.104325533,-10.61170006,0.039504327
28.52491026,1.066018343,-10.60212326,-0.14724341
28.54295198,0.730830073,-10.26214695,-0.650025785
28.56099354,0.275931746,-10.02272701,-0.741005421
28.57903479,0.692522824,-9.357138634,-1.282094955
28.59707604,0.826598108,-9.438541412,-1.320402265
28.61511729,0.840963364,-9.586981773,-0.860715509
28.63315854,0.500986695,-9.725846291,-0.81761986
28.65119979,0.304662168,-9.869498253,-0.980425596
28.66924104,0.620696783,-9.754576683,-0.927753151
28.6872825,0.749983668,-9.931747437,-0.793677867
28.70532421,0.840963364,-10.12328339,-0.750582218
28.72336593,1.166574836,-9.950901031,-0.812831461
28.74140765,0.998980641,-9.912593842,-0.918176353
28.75944937,0.77871412,-9.634865761,-0.798466265
28.77749067,0.299873769,-9.716269493,-0.477643251
28.79553192,0.256778121,-9.816825867,-0.597353339
28.81357317,0.419583857,-9.845556259,-0.899022758
28.83161442,0.687734425,-9.577404976,-1.066616893
28.84965567,0.769137323,-9.567828178,-0.860715509
28.86769692,0.611119986,-9.644442558,-0.913387954
28.88573828,0.400430232,-9.500790596,-0.803254664
28.90378,0.146644861,-9.33319664,-0.870292306
28.92182171,0.103549227,-9.510367393,-1.167173386
28.93986343,-0.05925649,-9.807249069,-1.368286252
28.95790515,-0.164601371,-9.936535835,-1.272518158
28.97594661,0.089184016,-10.0801878,-0.851138711
28.99398786,0.807444513,-10.58296967,-0.616506934
29.01202911,1.204882026,-11.72739887,-0.673967779
29.03007036,0.979827046,-12.48875427,0.044292733
29.04811161,0.323815793,-12.62282944,1.021126986
29.06615286,0.127491236,-13.14476585,1.198297977
29.08419411,0.52014029,-13.06336308,1.452083349
29.10223578,-0.05925649,-12.3786211,2.610877037
29.12026198,-1.457470298,-11.57416916,3.439270735
29.13831968,-2.032078743,-10.39143372,2.946065187
29.15636098,-2.726397276,-10.0562458,2.721010208
29.17440224,-2.237980127,-10.38185692,0.623689532
29.19244348,0.026934769,-11.71303368,-3.853467703
29.21048474,2.129043818,-12.87182713,-5.333084106
29.22852598,2.387617588,-14.24609852,-0.736217022
29.24656724,2.737171173,-13.9444294,2.352303267
29.26460869,2.473809004,-14.03062057,3.008314371
29.28265041,0.309450567,-12.28285313,-1.406593442
29.30069213,-2.692878246,-11.34432602,-1.229422569
29.31873385,-1.361702204,-9.232640266,-0.52073884
29.33677557,-0.255581021,-7.906252384,-1.191115379
29.35481692,0.151433259,-6.891110897,-0.961272001
29.37285817,-0.471059173,-6.211157799,-1.277306557
29.39089942,-0.969053149,-5.56951189,-1.74657011
29.40894067,-1.361702204,-4.827309132,-2.23019886
29.42698192,-1.165377736,-4.113837242,-1.952471495
29.44502317,-1.395220995,-4.190451622,-1.071405292
29.46306463,-1.687313676,-5.071517944,0.681150377
29.48110635,-2.036867142,-6.158485413,2.15597868
29.49914807,-2.774281263,-7.537545681,3.434482336
29.51718979,-2.846107244,-8.993220329,4.909310818
29.53523151,-1.634641171,-10.03230381,5.378573895
29.55327291,-0.63386488,-10.92294693,6.475118637
29.57131416,-1.021725535,-12.46002388,8.055291176
29.58935541,-1.716044068,-14.42326927,9.391256332
29.60739666,-2.884414434,-13.47995377,7.916428089
29.62543791,-3.439869404,-10.49677849,5.531803131
29.64347916,-2.309806108,-7.724293232,3.994725466
29.66152062,-3.669712543,-7.398681641,-6.511031628
29.67956234,-4.330512524,-10.85112095,-1.842338204
29.69760406,-4.148552895,-17.26279259,4.286818027
29.71564578,-1.4478935,-14.3035593,-3.192667961
29.7336875,0.429160655,-8.950124741,-5.155913353
29.75172895,0.721253276,-6.61338377,-4.653131008
29.7697702,1.832162857,-7.015609741,-3.891774893
29.78781145,2.497750998,-10.4393177,0.389057785
29.8058527,0.898424208,-11.91893482,2.917334795
29.82389395,-0.389656335,-11.61726475,2.730587006
29.8419352,-1.285087705,-10.98998451,1.361103654
29.8599775,-0.796670616,-9.788095474,1.346738458
29.87801911,-0.729632974,-9.519944191,1.667561531
29.89606036,-0.490212798,-9.045892715,1.385045648
29.91410161,-0.758363366,-9.251793861,1.289277673
29.93214286,-0.653018534,-9.290101051,2.079364061
29.95018411,-0.624288082,-8.930971146,2.323572636
29.96822536,-0.485424399,-8.768165588,2.103306293
29.98626698,0.08439561,-8.921394348,2.088941097
