Time(s),X(rad/s),Y(rad/s),Z(rad/s)
0.102493039,0.162452713,-0.025566328,-0.121706374
0.120530071,0.090014778,0.0117179,-0.129163221
0.138567102,-0.035686333,0.001065264,-0.177100077
0.156604133,-0.20293273,-0.08735162,-0.225036949
0.174641164,-0.405332804,-0.239684314,-0.271908552
0.192678196,-0.606667638,-0.380299121,-0.296409607
0.210715227,-0.788827717,-0.472977042,-0.26125592
0.228752258,-0.932638347,-0.470846534,-0.178165346
0.246789289,-1.021055222,-0.384560168,-0.071638979
0.264826321,-0.934768856,-0.223705366,-0.003462107
0.282863352,-0.536360264,0.104395837,-0.027963171
0.300900383,-0.018642114,0.315318048,-0.137685329
0.318937414,0.359526485,0.170442179,-0.164316922
0.336974446,0.307328552,-0.018109482,-0.01624527
0.355011477,0.146473751,0.128896907,0.137152687
0.37304955,0.022903169,0.327035934,0.273506433
0.391086581,-0.094275832,0.432497025,0.336356998
0.409123612,-0.124103211,0.442084402,0.245809585
0.427160643,-0.004793686,0.446345478,0.093476884
0.445197675,0.228499055,0.507065475,0.084954776
0.463234706,0.229564309,0.327035934,0.07962846
0.481271737,0.080427408,-0.120374791,0.062584236
0.499308768,-0.016511586,-0.497478128,-0.000266316
0.5173458,-0.263652742,-0.46978128,-0.119575843
0.535382831,-0.676975071,-0.19387798,-0.19307904
0.553419862,-0.870853007,-0.368581206,-0.334759086
0.571456893,-1.300154328,-1.048219442,-0.633032918
0.589493925,-1.487640619,-1.097221494,-0.651142418
0.607527571,-1.301219583,-0.725444555,-0.332628578
0.625554237,-0.977379382,-0.122505322,0.06684529
0.643605956,-0.606667638,0.083090566,0.450340211
0.661642987,-0.366983324,-0.006391582,0.58349818
0.679680018,-0.289219081,-0.319579095,0.528104425
0.69771705,-0.390419126,-0.515587628,0.298007518
0.715754081,-0.570448697,-0.640223444,0.044474758
0.733791112,-0.680170834,-0.812796176,0.012516848
0.751828143,-0.75367403,-0.876711965,0.031691592
0.769865175,-0.826111972,-0.849015117,0.072171614
0.787902206,-0.924116194,-0.68283397,0.035952646
0.805939237,-0.998684645,-0.604004502,0.071106344
0.823976268,-0.915594101,-0.504934967,0.136087433
0.8420133,-0.812263548,-0.479368627,0.15206638
0.860050331,-0.780305624,-0.622113943,0.219177991
0.878087362,-0.784566701,-0.779772997,0.231961161
0.896124393,-0.761130869,-0.891625643,0.249005377
0.914161425,-0.675909758,-0.933170974,0.311855942
0.932198456,-0.65353924,-0.927844644,0.390685439
0.950235487,-0.669518173,-0.859667778,0.420512825
0.968272518,-0.73556453,-0.794686675,0.43968758
0.98630955,-0.702541351,-0.738227725,0.469514936
1.004346581,-0.615189731,-0.839427769,0.457797051
1.022383821,-0.562991858,-0.902278304,0.420512825
1.040421321,-0.515054941,-0.774446666,0.377902269
1.058458821,-0.419181258,-0.619983435,0.341683298
1.076496216,-0.238086417,-0.625309765,0.284159064
1.094533248,-0.048469495,-0.612526596,0.219177991
1.112570227,0.112385318,-0.47510758,0.204264298
1.130606164,0.206128508,-0.35686332,0.218112737
1.148643664,0.424507558,-0.247141168,0.294811726
1.166681164,0.831438243,-0.113983207,0.28309381
1.184718664,1.262870073,0.110787422,0.112651631
1.202755852,1.603754401,0.621048689,-0.086552672
1.220792883,1.978727221,1.397625923,-0.342215955
1.238829914,2.600841284,2.051697731,-0.621315002
1.256866946,3.129211903,2.19550848,-0.832237244
1.274903977,3.06210041,1.361406922,-0.846085668
1.292941008,2.755304337,0.063915819,-0.533963382
1.310978039,2.427203178,-0.374972791,-0.344346464
1.329015071,2.123603106,-0.247141168,-0.60533607
1.347052102,1.762478709,0.597612917,-1.213601589
1.365089446,1.732651353,0.856471956,-1.441568017
1.383125591,1.776327133,1.084438443,-1.256212115
1.401163039,1.692171335,1.549958587,-1.178447962
1.419200539,1.342764854,2.036784172,-1.161403656
1.437238039,0.978444636,2.090047359,-1.026115179
1.455275227,0.672713995,1.753423929,-0.750211895
1.473312258,0.392549664,1.584047079,-0.465786517
1.491349289,0.126233742,1.525457501,-0.254864335
1.509386321,-0.120907426,1.336905837,-0.143011645
1.527423352,-0.373374909,1.054610968,-0.062051605
1.545460383,-0.625842392,0.742488742,0.031691592
1.563497414,-0.81013298,0.393082291,0.068975821
1.581534446,-0.875114083,0.073503189,-0.018375797
1.599571477,-0.834634066,-0.194943249,-0.228232741
1.617592727,-0.827177227,-0.450606525,-0.397609651
1.63564356,-0.619450808,-0.368581206,-0.377369642
1.653683352,-0.105993733,0.247141168,-0.328367531
1.671720383,0.40959388,1.084438443,-0.359260172
1.689757414,0.54807812,1.498825908,-0.359260172
1.707794446,0.470313907,1.313470125,-0.173904285
1.725831477,0.262587488,0.91399622,-0.097205304
1.743868508,-0.22210747,0.502804458,-0.157925338
1.761905539,-0.814394057,-0.115048476,-0.165382177
1.779942571,-1.071122646,-1.024783611,-0.326236993
1.797979602,-0.90494144,-1.841840863,-0.389087558
1.816016633,0.794154048,-0.934236229,-0.325171739
1.834053664,0.859135151,-0.911865652,-0.094009519
1.852090696,-0.262587488,-1.249554276,0.311855942
1.870127727,-1.008272052,-1.639440775,0.569649756
1.888164758,-1.646364927,-2.066611528,0.188285351
1.906201789,-1.86261344,-2.145441055,0.094542146
1.924238821,-1.190432072,-1.388038516,0.410925448
1.942275852,-0.906006753,-0.607200265,0.69641608
1.960312883,-0.952878356,-0.276968539,0.893489897
1.978350175,-1.103080511,-0.421844393,1.067127824
1.996387675,-1.296958447,-0.332362264,1.003211975
2.014425175,-1.602689147,-0.446345478,0.704938233
2.032462518,-1.921203017,-0.960867822,0.484428644
2.05049955,-1.679388165,-0.973650992,0.457797051
2.068536581,-1.245825887,-0.766989827,0.604803443
2.086573612,-1.155278444,-0.634897113,0.730504513
2.104610643,-1.196823716,-0.702008724,0.775245607
2.122647675,-1.146756291,-0.906539381,0.773115099
2.140684706,-1.107341528,-0.760598242,0.791224599
2.158721737,-1.111602664,-0.689225555,0.835965633
2.176758768,-1.029577255,-0.828775108,0.941426754
2.1947958,-0.894288838,-0.745684564,0.92757833
2.212832831,-0.761130869,-0.532631815,0.818921447
2.230869862,-0.342482269,-0.301469624,0.694285572
2.248906893,-0.10279794,-0.124635845,0.335291743
2.266943925,-0.137951642,-0.145941123,0.103064254
2.284980956,0.286023289,-0.034088437,0.143544272
2.303017987,0.942225695,0.640223444,-0.130228475
2.321055018,1.763543963,1.042893052,-0.529702365
2.339092206,2.589123249,1.446627975,-0.972851992
2.357130175,3.151582479,1.876994491,-1.541702747
2.375167518,3.187801361,2.095373631,-1.8197366
2.39320455,2.721215963,1.181377411,-1.61946702
2.411241581,2.637060165,0.025566328,-0.939828873
2.429278612,2.816024542,-0.351536989,-0.872717261
2.447315643,2.780870676,-0.422909677,-0.977113068
2.465352675,2.492184401,0.594417095,-0.964329898
2.483389706,1.538773298,1.125983715,-1.377652168
2.501426737,1.52385962,1.112135291,-1.184839487
2.519463768,1.735847116,1.437040687,-1.025049925
2.5375008,1.46740067,2.088982105,-1.00587523
2.555537831,0.913463593,2.467150688,-0.924915135
2.573574862,0.268979073,2.386190653,-0.752342463
2.591611893,-0.328633845,2.122005224,-0.449807584
2.609642362,-0.682301343,1.941975594,-0.182426393
2.627674914,-0.94116044,1.654354453,-0.080161087
2.645724185,-1.116928935,1.28896904,-0.143011645
2.663761216,-1.233042717,0.936366737,-0.325171739
2.681798248,-1.302284837,0.511326551,-0.53076762
2.699835279,-1.372592211,0.238619059,-0.637293994
2.71787231,-1.15421319,-0.038349491,-0.519049704
2.735909341,-0.660996079,-0.257793814,-0.275104344
2.753946373,0.103863202,0.159789547,-0.217580095
2.771983404,0.663126588,0.882038295,-0.219710633
2.790020435,0.863396168,1.348623753,-0.11744532
2.808057466,0.607732892,1.048219442,0.114782155
2.826094498,0.036751594,0.558198154,0.0988032
2.844131529,-1.012533069,-0.410126507,-0.050333709
2.86216856,-1.919072509,-1.443432212,-0.310258031
2.880205591,-2.667952776,-3.31723094,-0.516919196
2.898242623,-1.061535239,-2.55982852,-0.562725544
2.916279654,1.440769076,-0.280164331,-0.404001236
2.934316737,0.762196124,0.137419015,0.42690441
2.952354237,0.044208441,-0.447410733,0.976580441
2.970391737,-0.806937218,-1.793903947,0.998950958
2.988429237,-1.693236589,-2.041045189,0.273506433
3.006466373,-1.904158711,-1.437040687,0.071106344
3.024503404,-1.406680584,-1.362472177,0.215982199
3.042540435,-1.132907867,-1.237836361,0.42690441
3.060577466,-1.404550076,-0.71905297,0.602672935
3.078614498,-1.657017589,0.002130527,0.631435037
3.096651529,-1.783783913,-0.684964538,0.522778153
3.11468856,-1.853026152,-1.417865872,0.537691832
3.132725591,-1.595232248,-1.561676502,0.431165457
3.150762623,-1.488705993,-1.467933297,0.474841267
3.168799654,-1.563274384,-1.24529314,0.651675046
3.186836685,-1.474857569,-1.212270021,0.807203531
3.204873716,-1.238368988,-1.252750039,0.88390249
3.222910748,-0.93583411,-1.376320601,0.966993094
3.240947779,-0.770718217,-1.465802789,1.069258332
3.25898481,-0.719585598,-1.233575344,1.020256281
3.277022154,-0.519316018,-0.873516202,0.712395072
3.295059654,-0.336090684,-0.464454949,0.087085299
3.313097154,-0.415985465,-0.47510758,-0.203731671
3.331134498,-0.028229486,-0.32597068,-0.014114743
3.349171529,0.610928714,-0.165115863,0.15206638
3.367207206,1.400289059,-0.058589499,0.02210422
3.385243768,2.169409513,0.567785502,-0.312388569
3.403282987,2.979009867,1.127048969,-0.723580301
3.421320018,3.633081675,1.98991251,-1.259407997
3.43935705,3.560643673,2.057024002,-1.761147141
3.457394081,3.178214073,0.70094347,-1.593900681
3.475431112,2.861830711,-0.790425599,-0.813062489
3.493468143,3.493532181,-0.748880327,-0.678839266
3.511505175,3.598993301,-1.034371018,-0.653272927
3.529542206,2.508163214,0.961933076,-1.041028857
3.547579237,2.177931547,0.201334834,-1.158207893
3.565616268,2.267413616,0.323840141,-0.922784627
3.5836533,1.990445137,1.616004944,-0.904675126
3.601690331,1.265000582,2.615222216,-1.010136247
3.619712206,0.488423377,2.875146627,-0.813062489
3.637765591,-0.076166347,2.603504419,-0.344346464
3.655802623,-0.527838111,2.298838854,0.046605285
3.673839654,-0.890027762,1.647962809,0.123304263
3.691876685,-1.170192122,0.899082542,-0.005592634
3.709913716,-1.425855398,0.284425378,-0.297474861
3.727950748,-1.674061775,-0.093743198,-0.644750834
3.745987779,-1.751826048,-0.008522109,-0.83117193
3.76402481,-1.342764854,0.072437927,-0.543550789
3.782061841,-0.418115974,0.321709633,-0.364586473
3.800098873,0.633299232,1.010935187,-0.162186384
3.818135904,1.126516342,1.839710355,-0.063116871
3.836172935,0.980575204,1.722531319,0.128630579
3.854209966,0.361656994,1.013065696,0.084954776
3.872248143,-0.525707603,-0.169376925,-0.091878988
3.890285175,-1.276718497,-2.20296526,-0.397609651
3.908322206,-0.784566701,-3.311904669,-0.678839266
3.926359237,1.820002913,-1.223987937,-0.77471298
3.944396268,0.937964618,-0.627440274,0.375771761
3.9624333,-0.279631704,-1.120657325,1.120391011
3.980470331,-1.442899585,-1.837579727,0.911599338
3.998507362,-2.579535961,-2.036784172,0.205329567
4.016544393,-2.498575926,-1.961150408,0.327834874
4.034581425,-1.929725051,-1.331579566,0.713460326
4.052618456,-1.775261879,-0.368581206,0.95314467
4.070655487,-1.687910199,0.171507448,1.042626739
4.088692518,-1.757152319,0.282294869,1.021321535
4.10672981,-2.023468256,0.072437927,0.68363297
4.12476731,-2.222672701,-0.839427769,0.449274927
4.14280481,-1.969139814,-1.076981544,0.635696054
4.160842258,-1.289501667,-0.94488883,0.75820142
4.178879289,-1.291632175,-1.000282526,0.774180353
4.196916321,-1.551556468,-1.113200545,0.844487727
4.214953352,-1.510011196,-1.130244732,0.876445651
4.232990383,-1.32891643,-0.928909898,0.973384678
4.251027414,-1.095623612,-0.686029792,1.220525861
4.269064446,-0.852743566,-0.716922402,1.234374285
4.287101477,-0.819720388,-0.567785502,0.904142499
4.305138508,-0.598145545,-0.428235978,0.413055986
4.323175539,-0.203997985,-0.416518092,0.083889514
4.341212571,0.113450579,-0.48256442,0.071106344
4.359250748,0.600276053,-0.201334834,0.090281092
4.377287779,1.458878517,0.502804458,-0.301735938
4.39532481,2.40696311,0.85753721,-0.69268769
4.413361841,3.0312078,1.205878496,-1.211471081
4.431398873,3.329481602,1.927061915,-1.714275479
4.449435904,3.310306787,2.658898115,-1.922001958
4.467472935,2.992858171,1.657550216,-1.623728156
4.485509966,3.00564146,0.024501063,-0.938763559
4.503546998,3.1441257,-0.415452808,-0.820519328
4.521584029,3.088732004,-0.409061253,-1.059138417
4.53962106,2.412289619,1.385908008,-1.475656509
4.557658091,1.882853508,0.890560389,-1.720667124
4.575695123,2.085253477,1.406147957,-1.421328068
4.593732518,2.17367053,2.15928936,-1.204014182
4.611759966,1.556882858,2.794186592,-1.10600996
4.629797362,0.729172945,2.849580288,-0.876978278
4.647844862,0.124103211,2.59817791,-0.480700225
4.665881893,-0.30945909,2.348906279,-0.200535879
4.683918925,-0.682301343,1.721466064,-0.158990592
4.701955956,-1.027446747,0.890560389,-0.246342212
4.719992987,-1.301219583,0.266315907,-0.406131774
4.738030018,-1.514272213,-0.042610545,-0.635163426
4.75606705,-1.709215522,-0.006391582,-0.842889845
4.774104081,-1.59842813,-0.230096951,-0.699079275
4.792141112,-1.091362596,-0.480433911,-0.391218066
4.810178143,-0.264718026,0.124635845,-0.308127523
4.828215175,0.474574953,1.397625923,-0.285756975
4.846252206,0.880440414,1.821600795,-0.072704241
4.864289602,0.420246512,1.368863821,0.115847424
4.882327102,-0.724911928,0.194943249,-0.08335688
4.900364602,-1.52918601,-1.056741476,0.097737938
4.918401998,-2.315350533,-3.139332056,-0.094009519
4.936439029,-0.436225474,-2.507630587,0.116912685
4.95447606,2.229064226,-0.330231726,-0.143011645
4.972513091,0.974183619,-0.928909898,0.74009192
4.990550123,-0.455400199,-1.474324822,1.043691993
5.008587154,-1.490836501,-2.298838854,0.82744354
5.026624185,-2.475140095,-2.826144457,0.114782155
5.044661216,-2.727607489,-2.395777941,0.141413748
5.062698248,-1.714541793,-1.66394186,0.311855942
5.080735279,-1.180844784,-0.928909898,0.603738189
5.09877231,-1.011467814,-0.316383302,0.913729906
5.116809393,-1.006141543,-0.165115863,1.061801553
5.134846893,-1.418398499,-0.710530877,0.844487727
5.152884393,-1.915876627,-1.491369128,0.534496009
5.170921893,-1.78058815,-1.536110163,0.405599117
5.188959133,-1.59842813,-1.580851197,0.442883372
5.206996164,-1.508945942,-1.287903786,0.662327647
5.225033196,-1.446095347,-1.034371018,0.911599338
5.243070227,-1.373657465,-1.197356343,1.030908942
5.261107258,-1.147821546,-1.398691177,1.067127824
5.279144289,-1.004011035,-1.367798567,1.118260503
5.297181321,-0.872983575,-1.308143735,1.080976248
5.315218352,-0.687627673,-0.886299372,0.894555152
5.333255383,-0.555535018,-0.596547663,0.592020273
5.351292414,-0.263652742,-0.533697069,0.197872728
5.369330643,-0.041012648,-0.459128618,0.253266424
5.387367675,0.454334945,-0.267381162,0.3832286
5.405404706,1.175518394,0.304665387,0.031691592
5.423441737,2.116146326,0.910800397,-0.464721263
5.441478768,3.065296173,1.578720689,-1.061268926
5.4595158,3.57555747,2.083655596,-1.755820751
5.477552831,3.396593094,1.862080812,-2.034919977
5.495589862,2.948117018,0.09693899,-1.718536615
5.513626893,2.872483492,-0.319579095,-1.18057847
5.531663925,2.93852973,-0.393082291,-1.016527772
5.549701008,2.797914982,-0.222640097,-1.052746773
5.567738508,2.089514732,1.119592071,-1.612010241
5.585776008,1.577122808,0.53156656,-1.919871449
5.603813508,1.800828218,0.871385634,-1.482048035
5.621832831,1.810415506,1.620265961,-1.168860555
5.639887987,1.325720549,2.615222216,-1.071921587
5.657925071,0.667387664,3.032805681,-0.90574044
5.675962102,0.126233742,2.755836964,-0.602140248
5.693999133,-0.327568561,2.451171637,-0.279365391
5.712036164,-0.712128758,1.880190372,-0.171773762
5.730073196,-1.015728831,1.285773158,-0.201601148
5.748110227,-1.307611108,0.784034014,-0.283626437
5.766147258,-1.670866013,0.399473876,-0.498809695
5.784184289,-2.12466836,0.120374791,-0.736363471
5.802221321,-2.144908428,-0.602939248,-0.569117129
5.820258352,-1.172322631,-0.88842988,-0.376304388
5.838295643,0.483097047,0.430366516,-0.373108596
5.856333143,1.502554417,2.389386415,-0.312388569
5.874370643,1.496162772,2.27220726,0.084954776
5.892408143,0.403202295,1.243162632,0.172306389
5.910445227,-0.782436132,-0.218379051,0.035952646
5.928482258,-2.06820941,-2.971020222,-0.326236993
5.946519289,-1.361939549,-3.729487896,-0.357129633
5.964556321,2.160887241,-0.823448777,-0.503070772
5.982593352,1.078579426,-0.45699811,0.519582331
6.000630383,-0.283892751,-0.924648821,1.142761588
6.018667414,-1.333177447,-1.980325103,0.88390249
6.036704446,-2.483662128,-1.935584068,0.081758983
6.054741477,-2.585927486,-1.868472457,0.228765369
6.07277856,-1.718802929,-1.634114385,0.509994984
6.09081606,-1.257543683,-0.912930965,0.72730875
6.108853925,-1.127581596,-0.366450697,0.88390249
6.126891164,-1.332112193,-0.229031682,0.945687771
6.144928196,-1.764609218,-0.715857148,0.715590835
6.162965227,-2.00642395,-1.094025731,0.524908662
6.181002258,-1.884984016,-1.275120616,0.418382287
6.199039289,-1.681518674,-1.518000722,0.563258171
6.217076321,-1.647430182,-1.107874155,0.849814057
6.235113352,-1.741173387,-0.993891001,1.151283622
6.253150383,-1.565404892,-1.259141564,1.29722476
6.271187414,-1.173387885,-1.465802789,1.439970136
6.289224654,-0.962465704,-1.412539601,1.462340713
6.307262154,-0.812263548,-1.042893052,1.12252152
6.325299654,-0.584297121,-0.746749818,0.649544478
6.343337154,-0.526772857,-0.643419266,0.082824245
6.361373821,-0.242347479,-0.684964538,0.073236875
6.379408196,0.366983324,-0.095873728,0.20852536
6.397448768,1.014663577,0.348341197,-0.268712759
6.4154858,1.777392387,0.614657104,-0.806670904
6.433522831,2.422942162,0.87032038,-1.453285933
6.451559862,3.003510952,1.426388025,-1.789909244
6.469596893,3.268761396,2.208291531,-1.745168209
6.487633925,3.385940552,1.900430322,-1.577921748
6.505670956,3.306045771,0.109722152,-0.876978278
6.523707987,3.097254038,-0.973650992,-0.379500181
6.541745018,3.092993021,-0.175768495,-0.489222318
6.55978205,2.716954947,1.122787833,-1.140098453
6.577819498,2.362222195,0.742488742,-1.577921748
6.595856998,2.317481041,1.328383803,-1.303083777
6.613881477,2.241847277,2.094308376,-1.072986841
6.631923508,1.881788254,2.382994652,-0.982439399
6.649969081,1.077514172,2.065546274,-0.757668793
6.668006112,0.349939108,2.001630306,-0.451938093
6.686043143,-0.192280084,1.970737696,-0.165382177
6.704080175,-0.660996079,1.596830249,-0.023702117
6.722117206,-1.068992019,1.050349951,-0.031158961
6.740154237,-1.433312178,0.602939248,-0.098270573
6.758191268,-1.728390217,0.33129698,-0.245276958
6.7762283,-2.001097679,-0.050067391,-0.398674905
6.794265331,-2.110819817,-0.46978128,-0.391218066
6.812302623,-1.434377551,-1.177116275,-0.347542256
6.830340123,-0.210389569,-0.809600353,-0.329432786
6.848377623,0.89215827,1.048219442,-0.296409607
6.866415123,1.09775424,1.765141845,-0.133424267
6.88445231,0.342482269,1.281512141,0.19574219
6.902489341,-0.27856645,0.446345478,0.210655883
6.920526373,-1.114798427,-1.962215662,-0.065247402
6.938563404,-0.585362375,-3.044523478,-0.358194888
6.956600435,1.52385962,-1.851428151,-0.619184494
6.974637466,0.605602384,-1.192030072,0.168045342
6.992674498,-0.470313907,-1.20161736,0.922251999
7.010711529,-1.401354313,-1.859950304,0.980841517
7.02874856,-2.462356806,-2.000565052,0.380032808
7.04678606,-2.552904367,-1.575524926,0.469514936
7.06482356,-1.789110303,-1.172855258,0.589889765
7.08286106,-1.466335416,-0.514522314,0.80933404
7.10089856,-1.413072228,0.023435799,0.959536254
7.118935591,-1.747565031,0.095873728,0.994689941
7.136972623,-1.963813543,-0.108656891,0.828508794
7.155009654,-1.948899865,-1.131309986,0.550475001
7.173046685,-1.761413455,-1.404017448,0.472710729
7.191083716,-1.54942596,-1.223987937,0.729439259
7.209120748,-1.668735504,-0.738227725,0.960601509
7.227157779,-1.484444857,-0.779772997,1.023452044
7.24519481,-1.144625783,-1.353950143,0.973384678
7.26323205,-1.058339477,-1.350754261,1.078845739
7.28126955,-1.089232087,-1.179246902,1.232243776
7.29930705,-0.984836221,-0.925714076,1.220525861
7.31734455,-0.639690816,-0.53156656,1.002146721
7.335381841,-0.270044327,-0.285490662,0.55260551
7.353418873,-0.261522234,-0.354732782,-0.020506324
7.371454758,0.012250531,-0.223705366,0.021038957
7.389492571,0.69721508,0.110787422,0.014647375
7.407530591,1.592036486,0.503869712,-0.424241245
7.425567623,2.582731724,0.918257237,-0.793887734
7.443604654,3.166496277,1.312404752,-1.387239575
7.461641685,3.561708927,1.852493525,-1.843172431
7.479678716,3.287936211,2.173137903,-1.949698806
7.497715748,2.895919323,0.687095046,-1.456481695
7.515752779,3.032273054,-0.389886499,-0.870586693
7.53378981,3.315633059,-0.929975152,-0.891891956
7.551826893,3.080209732,-0.911865652,-1.09322679
7.569864393,2.05009985,1.136636257,-1.738776565
7.587901893,1.751826048,0.221574843,-1.767538667
7.605939393,2.026664019,0.737162411,-1.446894288
7.62395981,1.945703983,1.841840863,-1.332911134
7.642014081,1.317198515,2.755836964,-1.308410048
7.660051112,0.39148438,2.664224386,-0.990961492
7.678088143,-0.305198044,2.434127331,-0.484961271
7.696125175,-0.829307735,2.221074581,-0.02476738
7.714162206,-1.190432072,1.556350231,0.209590629
7.732199237,-1.415202737,0.945954084,0.225569576
7.750236268,-1.557948112,0.485760212,0.046605285
7.7682733,-1.923333526,-0.018109482,-0.264451712
7.786310383,-2.369678974,-0.023435799,-0.532898128
7.804347883,-1.828525066,-0.272707492,-0.569117129
7.822385383,-0.038882121,-0.32597068,-0.553138137
7.840422883,1.247956395,1.155811071,-0.495613903
7.858460383,1.59842813,2.27753377,-0.199470609
7.876497414,0.943290949,1.635179639,0.274571717
7.894534446,0.240216956,0.735031903,0.286289603
7.912571477,-0.861265659,-1.755554438,-0.020506324
7.930608508,-0.27856645,-3.320426702,-0.362455964
7.948645539,1.914811373,-1.767272353,-0.672447681
7.966682571,0.624777138,-1.068459392,0.376837015
7.984719602,-0.460726529,-1.584047079,1.155544758
8.002756737,-1.633581758,-2.365950584,0.868988812
8.020794237,-2.571013689,-1.865276694,0.234091684
8.038831737,-2.356895924,-1.352884769,0.478037059
8.056869237,-1.84237349,-1.112135291,0.750744522
8.074906737,-1.6112113,-0.791490912,1.092694163
8.092943768,-1.573927045,-0.485760212,1.204546809
8.1109808,-1.81148088,-0.285490662,1.198155284
8.129017831,-2.132125139,-0.639158189,0.838096142
8.147054862,-2.305763245,-1.411474347,0.47058022
8.165091893,-1.974466205,-1.647962809,0.3651191
8.183128925,-1.681518674,-1.486042738,0.618651867
8.201165956,-1.821068168,-0.892690957,0.917990923
8.219203143,-1.659148097,-0.789360344,1.042626739
8.237240643,-1.233042717,-1.184573174,1.031974196
8.255278143,-1.050882578,-1.197356343,1.173654199
8.273315643,-1.068992019,-1.137701511,1.344096422
8.291353091,-0.991227806,-1.038632035,1.331313252
8.309390123,-0.776044548,-0.48789075,1.190698385
8.327427154,-0.529968679,-0.273772746,0.655936062
8.345464185,-0.387223333,-0.418648601,0.142479017
8.363501893,0.061252661,-0.262054861,0.122239001
8.381538925,0.747282445,0.030892646,-0.150468484
8.399575956,1.66234386,0.470846534,-0.593618155
8.417612987,2.590188503,0.885234058,-1.079378366
8.435650018,3.084470987,1.268728971,-1.711079717
8.45368705,3.285805702,2.016544104,-2.129728317
8.471724081,3.030142546,2.472476959,-2.274604082
8.489761112,2.741456032,1.066328883,-1.718536615
8.507798508,2.993923426,-0.558198154,-0.938763559
8.525836008,3.328416348,-1.086568952,-0.8620646
8.543873508,3.108971834,-0.160854816,-0.885500431
8.561911008,2.231194735,1.285773158,-1.339302659
8.5799483,2.116146326,0.358993858,-1.199753165
8.597985331,2.591253757,0.723313987,-0.8439551
8.61600705,2.413354874,1.826927185,-0.864195108
8.634054185,1.568600655,2.197638988,-0.937698305
8.65209705,0.558730781,1.785381913,-0.713992953
8.670134081,-0.129429534,1.604287028,-0.329432786
8.688171112,-0.701476097,1.551023841,-0.017310534
8.706208143,-1.111602664,1.144093156,0.04554002
8.724245175,-1.327851176,0.591221333,-0.008788425
8.742282206,-1.476988077,0.202400088,-0.135554805
8.760319237,-1.786979795,0.141680062,-0.33049804
8.778356581,-1.965944052,0.264185369,-0.524376035
8.796394081,-1.316133261,-0.066046342,-0.524376035
8.814431581,-0.05912213,0.321709633,-0.428502291
8.832469081,0.790958226,1.364602685,-0.383761227
8.850506425,0.950747788,2.092177868,-0.357129633
8.868543456,0.73556453,1.857819796,0.041278966
8.886580487,-0.001597896,0.93210566,0.087085299
8.904617518,-0.803741396,-0.235423267,0.055127393
8.92265455,-1.620798588,-2.689790726,-0.205862194
8.940691581,1.390701652,-2.276468515,-0.447677046
8.958728612,2.569948435,-0.590156078,-0.239950642
8.9767658,0.633299232,-1.192030072,0.72730875
8.9948033,-0.747282445,-2.054893494,0.951014102
9.0128408,-2.126798868,-2.054893494,0.312921196
9.0308783,-2.853308678,-2.086851358,0.060453713
9.0489158,-2.426137924,-1.596830249,0.611195028
9.066952883,-1.704954505,-1.537175417,0.912664652
9.084989914,-1.489771247,-0.839427769,1.013864636
9.103026946,-1.679388165,-0.31318751,0.986167789
9.121064602,-1.91161561,-0.377103329,1.033039451
9.139101633,-2.18112731,-0.374972791,0.682567656
9.157138664,-2.290849447,-1.180312157,0.503603399
9.175175696,-1.863678694,-1.419996381,0.366184384
9.193212727,-1.659148097,-1.295360565,0.607999206
9.211249758,-1.786979795,-0.869255126,0.908403575
9.229286789,-1.691106081,-0.846884608,1.100151062
9.247324133,-1.21067214,-1.369929075,1.12252152
9.265361633,-0.976314127,-1.487107992,1.242896318
9.283399133,-1.029577255,-1.380581737,1.369662762
9.301436633,-0.925181449,-1.302817464,1.290833235
9.319474081,-0.639690816,-1.058872104,0.952079356
9.337511112,-0.332894892,-0.662593961,0.238352746
9.355548143,-0.327568561,-0.667920291,-0.133424267
9.373583456,0.094275832,-0.27483803,-0.003462107
9.391621425,0.864461422,0.060720026,-0.129163221
9.409660123,1.718802929,0.434627563,-0.556333959
9.427697154,2.597645283,0.842623532,-1.047420502
9.445734185,3.265565634,1.512674332,-1.533180714
9.463771216,3.682083845,2.422409534,-1.788843989
9.481808248,3.4136374,2.573677063,-1.816540837
9.499845279,3.214432955,0.527305484,-1.177382588
9.51788231,3.219759464,-0.585895002,-0.51798445
9.535919654,3.430681467,-1.048219442,-0.585096061
9.553957154,2.951313019,0.136353746,-0.772582471
9.571994654,2.01175046,0.647680283,-1.526789069
9.590032154,1.940377712,0.548610747,-1.443698525
9.6080658,2.284457922,1.423192263,-1.297757387
9.626090591,1.764609218,2.32866621,-1.267930031
9.644144029,0.92305094,2.398973703,-1.313736439
9.66218106,0.188019037,1.92812717,-0.993092001
9.680218091,-0.463922322,1.567002773,-0.593618155
9.698255123,-1.030642629,1.308143735,-0.301735938
9.716292154,-1.394962788,0.891625643,-0.19307904
9.734329185,-1.572861791,0.506000221,-0.078030564
9.752366216,-1.714541793,0.329166472,-0.023702117
9.77040356,-2.005358696,0.227966413,-0.007723161
9.78844106,-1.834916592,0.076698981,-0.112118997
9.80647856,-0.842090905,-0.539023399,-0.140881121
9.82451606,0.482031792,-0.205595881,-0.512658119
9.84255356,1.171257377,1.77685976,-0.607466579
9.860590591,1.29269743,2.55982852,-0.182426393
9.878627623,0.474574953,1.936649323,0.259658009
9.896664654,-0.342482269,0.81386143,0.221308515
9.914701685,-1.422659636,-1.660745978,-0.043942124
9.932738716,-0.227433786,-2.845319271,-0.135554805
9.950775748,1.967009306,-0.627440274,-0.345411748
9.968813091,0.746217191,-0.316383302,0.546213925
9.986850591,-0.642886579,-1.112135291,1.119325757
10.00488809,-1.613341808,-1.791773438,0.861531973
10.02292559,-2.646647453,-1.906821966,0.287354857
10.04096309,-2.696714878,-1.355015397,0.454601258
10.05900018,-1.839177728,-1.040762544,0.614390791
10.07703721,-1.528120637,-0.590156078,0.751809835
10.09507424,-1.452486992,-0.378168583,0.884967744
10.11310137,-1.797632337,-0.289751709,0.874315143
10.13113877,-2.186453581,-0.828775108,0.661262393
10.14918642,-2.160887241,-1.541436434,0.361923307
10.16722346,-1.716672301,-1.635179639,0.348074883
10.18526049,-1.578188062,-1.308143735,0.665523469
10.20329752,-1.665539742,-0.707335055,0.925447762
10.22133455,-1.531316519,-0.683899283,1.046887875
10.23937158,-1.222390056,-1.036501527,1.06606257
10.25740872,-1.088166833,-1.167528987,1.182176352
10.27544622,-1.102015257,-1.105743647,1.283376336
10.29348372,-1.006141543,-1.09615624,1.133174181
10.31152122,-0.703606606,-0.601873934,0.897750914
10.32955872,-0.407463342,-0.294012755,0.380032808
10.34759606,-0.248739064,-0.428235978,-0.047137916
10.36561752,0.099602148,-0.406930715,0.064714767
10.38366424,0.795219302,-0.191747457,0.087085299
10.40170773,1.687910199,0.392017007,-0.281495929
10.41974476,2.763826609,0.814926684,-0.631967664
10.43778179,3.245325565,1.41467011,-1.296692133
10.45581882,3.475422621,1.962215662,-1.966742992
10.47385585,3.036534071,2.173137903,-2.265016794
10.49189288,2.647712708,0.40053913,-1.739841819
10.50993018,2.795784473,-0.576307654,-1.29349637
10.52796768,2.947051764,-1.223987937,-1.257277369
10.54600518,2.713759184,0.185355872,-1.233841658
10.56404268,1.534512281,1.103613138,-1.820801854
10.58208018,1.619733334,0.414387554,-1.735580802
10.60011741,1.982988238,1.198421597,-1.361673236
10.61813502,1.794436574,2.680203438,-1.280713201
10.63618189,1.13610363,2.923083544,-1.251951098
10.65422913,0.442617029,2.560893774,-0.865260422
10.67226616,-0.132625327,2.338253736,-0.320910662
10.6903032,-0.627972901,2.127331495,0.074302137
10.70834023,-0.937964618,1.639440775,0.193611667
10.72637726,-1.17977953,1.005608916,0.197872728
10.74441429,-1.497228026,0.451671779,0.057257921
10.76245163,-1.916941881,0.125701115,-0.24314642
10.78048913,-2.128929377,0.010652636,-0.358194888
10.79852663,-1.384310126,-0.778707743,-0.346477002
10.81656413,0.342482269,-0.314252764,-0.727841377
10.83460163,1.447160602,2.173137903,-0.652207673
10.85263882,1.519598603,2.922018051,-0.213319048
10.87067585,0.656735063,1.952628255,0.192546397
10.88871288,-0.156061128,-0.080960035,-0.010918953
10.90674991,-1.427985907,-3.096721411,-0.48709181
10.92478695,0.939029872,-2.66528964,-0.456199169
10.94282398,1.363004804,-0.368581206,0.305464357
10.96086143,0.27856645,-0.553937078,1.365401626
10.97889893,-0.838895142,-1.903626084,1.378184795
10.99693643,-2.06820941,-2.247706175,0.457797051
11.01497393,-3.01309824,-1.896169305,0.093476884
11.03301143,-2.684997082,-1.582981825,0.328900158
11.05104861,-2.084188223,-1.422127008,0.525973916
11.06908564,-1.686844945,-0.763794005,0.880706728
11.08712268,-1.597362876,-0.394147545,1.125717402
11.10515971,-1.830655575,-0.080960035,1.129978418
11.12319674,-2.136386156,-0.878842533,0.789094031
11.14123377,-2.143843174,-1.626657605,0.503603399
11.15927122,-1.789110303,-1.8024261,0.460992843
11.17730872,-1.812546134,-1.448758602,0.728374004
11.19534622,-1.906289339,-0.966194093,1.017060518
11.21338372,-1.531316519,-1.162202597,1.131043673
11.23142122,-1.061535239,-1.480716467,1.14063108
11.2494584,-0.909202516,-1.351819515,1.218395233
11.26749544,-0.863396168,-1.309208989,1.235439539
11.28553247,-0.516120255,-0.85753721,1.04582262
11.3035695,-0.337155938,-0.397343338,0.377902269
11.32160653,-0.293480128,-0.501739204,-0.269778013
11.33964361,0.169909552,-0.258859068,-0.071638979
11.35767778,0.849547744,0.026631592,-0.017310534
11.37570523,1.7241292,0.622113943,-0.503070772
11.39375658,3.077013969,1.030109882,-0.946220458
11.41179361,3.600058556,1.880190372,-1.64503336
11.42983064,3.411506891,2.19550848,-2.103096724
11.44786724,3.228281498,0.710530877,-1.919871449
11.46590427,3.066361427,-0.710530877,-1.304149032
11.48394031,3.273022652,-0.898017228,-1.174186826
11.50195708,3.216563463,-1.313470125,-1.145424724
11.52001703,2.544382095,0.545414984,-1.234906912
11.53805406,1.634647012,0.646615028,-1.830389261
11.55609109,1.807219744,0.295078039,-1.658881783
11.57412812,2.025598764,1.106808901,-1.314801693
11.59216515,1.499358535,2.859167576,-1.23171103
11.61020218,0.654604495,3.369428873,-1.025049925
11.62823953,-0.020772642,3.05517602,-0.564856052
11.64627703,-0.630103469,2.6833992,-0.090813726
11.66431453,-1.007206798,2.129462004,0.156327441
11.68235203,-1.290566921,1.433844805,0.142479017
11.70038953,-1.521729112,0.88310355,-0.045007389
11.71842697,-1.939312458,0.207726404,-0.46152547
11.73646401,-2.44318223,-0.249271691,-0.740624547
11.75450104,-1.884984016,-0.646615028,-0.650077164
11.77253807,-0.095341094,-0.642353952,-0.822649837
11.7905751,1.384310126,1.280446887,-0.882304609
11.80861213,1.948899865,2.629070759,-0.275104344
11.82664953,0.924116194,1.785381913,0.445013881
11.84468703,-0.226368517,0.452737033,0.485493898
11.86272453,-1.703889251,-2.441584349,-0.082291618
11.88076203,-1.908419847,-4.49541235,-0.555268645
11.89879953,1.660213351,-2.17739892,-0.802409828
11.91683692,0.760065615,-1.127048969,0.391750693
11.93487395,-0.426638097,-1.656484962,1.37925005
11.95291098,-1.725194454,-2.715357065,1.468732238
11.97094802,-2.90018034,-2.488455772,0.675110817
11.98898604,-2.846917152,-2.325470448,0.685763478
12.00702307,-1.846634507,-2.085786104,1.074584723
12.0250601,-1.205345869,-0.90121305,0.933969915
12.04309713,-1.067926764,-0.210922197,0.774180353
12.06113416,-1.299088955,0.014913691,0.516386569
12.07917119,-1.922268271,-0.724379301,0.367249638
12.09720864,-2.059687138,-1.437040687,0.299072772
12.11524614,-1.637842894,-1.925996661,0.247940108
12.13328364,-1.645299673,-1.668202877,0.587759197
12.15132114,-1.79337132,-0.802143514,1.069258332
12.16935864,-1.517468095,-1.059937358,1.357944846
12.18739609,-1.241564751,-1.853558779,1.418664813
12.20543312,-1.225585818,-1.630918622,1.37179327
12.22347015,-0.942225695,-1.039697289,1.289767981
12.24150614,-0.478836,-0.651941359,0.970188856
12.25954317,-0.311589629,-0.188551664,0.348074883
12.2775825,-0.345678061,-0.368581206,-0.24847275
12.29561953,-0.048469495,-0.419713885,-0.131293744
12.31365656,0.394680172,-0.16298534,0.050866339
12.33169359,1.104145765,0.107591629,-0.319845408
12.34973062,2.069274664,0.322774887,-0.741689801
12.36776765,2.738260269,0.899082542,-1.33184588
12.38580515,3.35717845,1.417865872,-1.849563956
12.40384265,3.290066719,2.150767326,-2.106292486
12.42188015,3.042925596,1.298556328,-1.79417026
12.43991765,2.963030815,-0.110787422,-1.001614094
12.45795515,3.246391058,-0.78296876,-0.79282248
12.47599265,3.183540344,-0.743553996,-1.076182604
12.49400599,2.305763245,1.03224051,-1.77606082
12.51206541,1.953160882,0.891625643,-1.623728156
12.53010427,2.052230358,0.812796176,-1.016527772
12.5481413,2.098036766,1.982455611,-0.598944485
12.56617833,1.815741897,2.654637098,-0.577639222
12.58421536,1.221324801,2.939062357,-0.533963382
12.60225239,0.457530737,2.817622423,-0.346477002
12.62028989,-0.331829637,2.70363903,-0.079095826
12.63832739,-1.017859459,2.087916851,0.014647375
12.65636489,-1.486575365,1.164333105,-0.035420015
12.67440239,-1.773131371,0.357928574,-0.214384303
12.69243989,-1.971270323,-0.363254905,-0.441285461
12.71047739,-2.225868464,-0.664724529,-0.426371783
12.72851442,-1.578188062,-0.450606525,-0.05139897
12.74655145,0.443682313,-0.46978128,-0.282561183
12.76458848,1.137168884,0.846884608,-0.296409607
12.78262552,1.541969061,2.225335836,-0.025832644
12.8006626,0.878309846,2.085786104,0.599477112
12.8187001,-0.168844283,1.052480459,0.717721403
12.8367376,-0.919855177,-0.622113943,0.392815977
12.8547751,-1.978727221,-3.584612131,-0.431698084
12.8728126,0.593884468,-2.897517204,-0.598944485
12.8908501,0.812263548,-1.000282526,-0.254864335
12.9088876,-0.157126382,-1.643701792,0.642087638
12.92692468,-0.907072008,-2.692986488,1.079910994
12.94496171,-2.035186291,-3.011500359,0.631435037
12.96299874,-2.841590881,-2.468215942,0.227700099
12.98103578,-2.759565353,-2.402169466,0.52703917
12.99907281,-2.340916872,-2.479933739,0.848748803
13.01711031,-1.729455471,-1.625592351,0.948883593
13.03514781,-1.659148097,-0.815991938,0.757136107
13.05318531,-1.900962949,-0.465520203,0.693220317
13.07122281,-2.102297783,-1.454084873,0.649544478
13.08926031,-1.953160882,-1.749162912,0.490820229
13.10729781,-1.514272213,-1.818405032,0.636761367
13.12533505,-1.622929215,-1.426388025,0.890294075
13.14337208,-1.604819655,-1.046088934,1.051148891
13.16140911,-1.231977344,-1.237836361,1.143826842
13.17944614,-1.0359689,-1.421061754,1.265266895
13.19748317,-0.989097297,-1.250619531,1.335574269
13.21552057,-0.912398338,-0.953410983,1.135304689
13.23355901,-0.523577094,-0.804274023,0.788028777
13.25159604,-0.127299011,-0.315318048,0.29587698
13.26963307,-0.116646372,-0.558198154,-0.164316922
13.2876701,0.229564309,-0.639158189,-0.08335688
13.30570713,0.804806709,-0.43143177,-0.002396843
13.32374432,1.671931267,0.183225349,-0.353933841
13.34178182,2.577405453,0.695617139,-0.866325676
13.35981932,3.181409836,1.377385855,-1.459677458
13.37785682,3.284740448,2.200834751,-2.030658722
13.39589432,3.248521566,2.473542213,-2.284191608
13.41393182,2.904441357,1.00134778,-1.745168209
13.43196932,3.210171938,0.476172835,-1.072986841
13.45000645,3.661843777,-0.191747457,-1.033572078
13.46804348,2.998184443,0.34408015,-1.272191048
13.48606927,2.052230358,1.316665888,-1.877260804
13.50410276,2.207758904,0.634897113,-1.458612204
13.52215578,2.242912531,1.52758801,-1.092161536
13.54019281,1.965944052,3.038131952,-1.047420502
13.55822984,1.449291229,3.462106943,-1.066595197
13.57626687,0.690823495,3.463172197,-0.720384538
13.5943039,-0.185888499,3.287403584,-0.295344353
13.6123413,-0.975248873,2.832535982,-0.01624527
13.6303788,-1.438638568,2.088982105,0.049801074
13.6484163,-1.531316519,1.303882718,-0.02157159
13.6664538,-1.531316519,0.455932826,-0.281495929
13.6844913,-1.730520844,0.056458972,-0.569117129
13.7025288,-1.43650806,0.102265313,-0.49241811
13.7205663,-0.406398088,0.242880106,-0.19201377
13.73859474,0.656735063,1.012000442,-0.521180213
13.75663161,1.130777359,1.587242842,-0.282561183
13.77467812,0.852743566,1.31986165,0.341683298
13.79271515,0.368048579,0.295078039,0.505733907
13.81075218,-0.656735063,-1.967541933,0.310790658
13.82878921,0.485227585,-3.051980257,0.151001126
13.84682624,1.795501828,-1.700160742,-0.219710633
13.86486369,-0.107058995,-1.885516644,0.416251779
13.88290119,-1.396028042,-3.082872868,0.882837236
13.90093869,-2.671148539,-3.413104773,0.594150782
13.91897619,-3.243195057,-2.691921234,0.28309381
13.93701369,-2.723346472,-2.107091427,0.630369782
13.95505119,-2.014946222,-1.853558779,1.014929891
13.97308869,-1.508945942,-1.078046799,1.006407857
13.99112572,-1.377918482,-0.355798066,0.861531973
14.00916276,-1.815741897,-0.350471735,0.69641608
14.02719979,-2.301501989,-1.196291089,0.574976027
14.04523682,-2.282327414,-1.783251286,0.327834874
14.06327411,-1.775261879,-1.966476679,0.31398645
14.08131161,-1.709215522,-1.579785943,0.748614013
14.09934911,-1.708150268,-0.749945581,1.217329979
14.11738661,-1.496162772,-0.791490912,1.448492289
14.13542411,-1.295893192,-1.221857429,1.545431256
14.15346161,-1.158474207,-1.260206938,1.414403796
14.17149911,-0.986966789,-1.059937358,1.023452044
14.1895364,-0.665257156,-0.447410733,0.745418251
14.20757343,-0.40959388,-0.039414756,0.406664401
14.22561046,-0.175235868,-0.338753849,0.078563191
14.24364765,-0.021837905,-0.351536989,0.086020038
14.26168468,0.172040075,-0.47510758,0.091346361
14.27972265,0.878309846,-0.034088437,-0.003462107
14.29776046,1.62399447,0.602939248,-0.510527611
14.3157975,2.469813824,1.018392086,-0.845020354
14.33383453,2.926811934,1.669268131,-1.457546949
14.35187156,3.138799429,2.275403023,-2.160620928
14.36990859,2.757434845,2.887929678,-2.422675848
14.38794593,2.414420128,1.351819515,-1.618401766
14.40598343,3.210171938,0.496412844,-0.937698305
14.42402093,3.569165945,-0.060720026,-1.016527772
14.44205843,2.785131693,0.655137122,-1.260473251
14.46009593,1.856221914,1.143027902,-1.38084805
14.47813343,2.123603106,0.716922402,-1.20614481
14.49614812,2.140647173,0.97045517,-1.033572078
14.51420838,1.807219744,2.342514753,-1.235972166
14.53224541,1.238368988,2.933736086,-1.456481695
14.55028244,0.588558137,3.057306767,-1.156077385
14.56831947,-0.135821119,3.359841585,-0.585096061
14.58635651,-0.845286727,3.105243444,-0.156860068
14.6043939,-1.255413175,2.474607468,0.035952646
14.6224314,-1.412006974,1.68950808,-0.003462107
14.6404689,-1.610146046,0.573111832,-0.337954879
14.6585064,-1.996836662,-0.550741315,-0.608531833
14.6765439,-1.455682755,-0.745684564,-0.451938093
14.6945814,0.246608526,0.327035934,-0.385891765
14.7126189,1.070057273,1.339036345,-0.666056097
14.73065911,1.356613278,2.099634647,-0.258060128
14.74867026,0.750478208,1.400821686,0.404533863
14.76673098,0.109189525,0.137419015,0.619717121
14.78476802,-1.078579426,-2.931605577,0.318247527
14.80280505,-0.185888499,-3.684746981,0.404533863
14.82084208,1.73691237,-0.714791894,0.126500055
14.83887911,0.074035823,-1.965411425,0.55793184
14.85691656,-1.215998411,-3.564372063,0.851944625
14.87495406,-2.604037046,-3.769968033,0.473776013
14.89299156,-3.281544685,-2.949715137,0.188285351
14.91102906,-2.993923426,-2.40323472,0.362988591
14.92906656,-2.441051722,-2.30842638,0.876445651
14.94710406,-1.648495436,-1.881255627,0.98403728
14.96514156,-1.23623848,-1.152615309,0.692155063
14.98317901,-1.729455471,-0.674311876,0.511060238
15.00121604,-2.128929377,-1.269794226,0.529169738
15.01925307,-2.129994631,-1.834383965,0.457797051
15.0372901,-1.727324963,-2.08472085,0.497211814
15.05532713,-1.795501828,-1.760880828,0.850879312
15.07336463,-1.877527118,-1.00134778,1.202416301
15.09140213,-1.603754401,-1.327318549,1.344096422
15.10943963,-1.194693208,-1.95901978,1.36646688
15.12747713,-0.958204627,-1.738510251,1.316399574
15.14551463,-0.851678252,-1.189899445,1.199220538
15.16355213,-0.495880216,-0.758467734,0.905207753
15.18158963,-0.163517967,-0.355798066,0.393881232
15.19962708,-0.112385318,-0.520913899,-0.109988473
15.21766411,0.227433786,-0.441019148,-0.005592634
15.23570177,0.772848785,-0.113983207,0.011451584
15.2537388,1.573927045,0.388821214,-0.424241245
15.27177583,2.473009586,0.998152018,-1.052746773
15.28981286,3.146256208,1.513739586,-1.695100784
15.30784989,3.346525669,2.540653706,-2.131858826
15.32588739,2.955574036,2.906039238,-2.256494761
15.34392489,2.939594984,1.171790004,-1.361673236
15.36196239,3.165431023,0.295078039,-0.631967664
15.37999989,3.56490469,-0.389886499,-0.79282248
15.39803739,3.167561531,-0.224770635,-1.020788908
15.41607489,1.913746119,1.342232227,-1.288170099
15.43411239,1.930790305,0.81918776,-1.190165758
15.45214989,2.161952496,1.528653383,-1.054877281
15.47018697,1.897767186,2.864493847,-1.023984671
15.4882089,1.363004804,3.089264631,-1.069790959
15.50624942,0.57897079,2.943323374,-0.700144529
15.52429916,-0.223172739,2.816557169,-0.277234852
15.54233619,-0.833568811,2.594982147,-0.003462107
15.56037322,-1.137168884,1.93345356,0.039148439
15.57841026,-1.234107971,1.128114223,-0.014114743
15.5964475,-1.320394278,0.497478128,-0.197340086
15.614485,-1.46740067,0.404800177,-0.513723373
15.6325225,-1.202149987,0.606135011,-0.710797191
15.65056,-0.598145545,-0.157659024,-0.309192777
15.6685975,0.503337085,0.266315907,-0.331563294
15.686635,0.949682534,1.009869933,-0.329432786
15.7046725,1.019989967,1.620265961,0.065780029
15.72271,0.441551775,1.313470125,0.355531752
15.74074744,-0.53529495,0.361124367,0.42157808
15.75878447,-1.214933157,-0.818122506,0.434361249
15.77682151,-1.366200566,-2.982738256,0.169110596
15.79485854,1.979792476,-1.525457501,-0.356064379
15.81289562,0.703606606,-1.122787833,-0.003462107
15.83093312,-0.757935107,-2.436257839,0.56538868
15.84897062,-1.948899865,-2.931605577,0.69641608
15.86700812,-2.760630608,-2.42880106,0.522778153
15.88504562,-2.720150709,-1.752358675,0.563258171
15.90308312,-2.44318223,-1.563807011,1.036235213
15.92112062,-2.059687138,-1.491369128,1.133174181
15.93915812,-1.592036486,-0.749945581,0.525973916
15.95719562,-2.014946222,-0.35686332,0.11158637
15.97523291,-2.328133583,-0.981107831,0.267114848
15.99326994,-2.139581919,-1.641571283,0.333161205
16.01130697,-1.675127029,-1.685247064,0.418382287
16.02934401,-1.71134603,-1.668202877,0.602672935
16.0473813,-1.830655575,-1.035436273,0.900946736
16.0654188,-1.62399447,-0.958737254,1.14063108
16.0834563,-1.275653243,-1.234640598,1.376054287
16.1014938,-0.993358374,-1.340101719,1.506016493
16.1195313,-0.918789864,-1.213335276,1.360075355
16.1375688,-0.795219302,-1.046088934,0.977645695
16.1556063,-0.34780857,-0.551806569,0.805073023
16.1736438,-0.098536886,-0.395212799,0.20852536
16.1916813,-0.121972688,-0.710530877,-0.249538004
16.20971848,0.449008614,-0.376038075,-0.127032682
16.22775552,1.282044768,0.341949642,-0.353933841
16.24576713,2.38672328,0.879907787,-0.824780345
16.26383078,3.108971834,1.421061754,-1.483113289
16.28186786,3.454117298,2.142245293,-2.142511606
16.29990489,3.079144478,2.583264351,-2.422675848
16.31794192,2.719085455,1.302817464,-1.885782957
16.33597895,2.99498868,0.306795925,-1.0186584
16.35401645,3.486075163,-0.15020217,-1.020788908
16.37205395,3.065296173,-0.481499165,-1.151816368
16.39009145,1.873266101,1.456215382,-1.596031308
16.40812895,1.746499777,0.715857148,-1.727058649
16.42616645,2.054360867,1.21972692,-1.281778455
16.44420395,1.961683035,2.883668661,-1.046355247
16.46224145,1.463139653,3.417365789,-1.090031028
16.48027895,0.802676141,3.308708906,-0.789626658
16.49831645,0.090014778,3.026413918,-0.366717011
16.51635364,-0.554469705,2.897517204,-0.042876862
16.53439067,-1.007206798,2.402169466,0.046605285
16.5524277,-1.178714275,1.649028063,0.006125266
16.57046474,-1.224520564,0.954476237,-0.158990592
16.58850213,-1.499358535,0.461259157,-0.415719122
16.60653963,-1.645299673,0.270576954,-0.576573968
16.62457713,-0.746217191,-0.245010644,-0.437024415
16.64261463,0.836764574,0.217313781,-0.609597147
16.66065213,1.357678533,1.348623753,-0.586161315
16.67868963,1.191497326,1.939845085,0.073236875
16.69672713,0.428768605,1.04502368,0.486559182
16.71476463,-0.207193777,-0.142745331,0.364053845
16.73280213,-1.195758462,-2.35423255,0.149935857
16.75083958,1.365135312,-2.568350554,0.109455839
16.76887661,1.348091125,-1.372059584,0.088150568
16.78691364,-0.42237702,-1.786447167,0.864727736
16.80495067,-1.713476539,-3.023218155,1.113999486
16.82298786,-2.837329626,-3.542001724,0.745418251
16.84102536,-3.073818207,-2.617352724,0.468449682
16.85906286,-2.483662128,-1.855689287,0.735830843
16.87710036,-1.889245033,-1.717205048,0.938230932
16.89513786,-1.519598603,-1.123853087,0.862597227
16.91317536,-1.48018384,-0.432497025,0.693220317
16.93121286,-1.847699761,-0.403734922,0.409860194
16.94925036,-2.278066397,-1.090829968,0.278832763
16.96728786,-2.18112731,-1.685247064,0.197872728
16.98532536,-1.684714437,-1.822666049,0.218112737
17.0033627,-1.645299673,-1.416800618,0.553670764
17.02139974,-1.86793983,-0.711596131,0.922251999
17.03943677,-1.65488708,-0.827709854,1.192829013
17.0574738,-1.275653243,-1.226118445,1.493233323
17.07551109,-1.16699636,-1.139832139,1.604020715
17.09354859,-0.906006753,-0.920387805,1.319595337
17.11158609,-0.44794336,-0.793621421,0.964862526
17.12962359,-0.175235868,-0.35686332,0.751809835
17.14766109,-0.107058995,-0.585895002,0.100933731
17.16569859,-0.110254787,-0.658332944,-0.120641105
17.18373609,0.194410607,-0.449541271,-0.02476738
17.20177359,0.885766745,-0.106526367,0.051931601
17.21981109,1.634647012,0.618918181,-0.227167472
17.23784692,2.634929657,1.226118445,-0.568051815
17.25588349,3.322024584,2.042110443,-1.204014182
17.27392343,3.356113195,2.645049572,-1.841041923
17.29196046,2.891658068,2.091112614,-2.110553503
17.3099975,2.530533791,0.651941359,-1.560877562
17.32803453,3.101515055,0.58802551,-1.263669014
17.34607177,3.260239363,-0.002130527,-1.298822641
17.36410927,2.69458437,-0.135288477,-1.338237405
17.38214677,1.78591454,1.198421597,-1.770734429
17.40018427,1.804023981,0.252467483,-1.551290154
17.41822177,2.013880968,0.772316158,-1.129445791
17.43625927,1.877527118,2.458628416,-1.046355247
17.45429677,1.319329023,3.895669222,-1.087900519
17.47233427,0.654604495,4.264250278,-0.857803524
17.49037177,-0.061252661,3.773163795,-0.427437037
17.50840927,-0.749412954,2.93480134,-0.090813726
17.52644677,-1.227716327,2.119874716,-0.035420015
17.54448401,-1.439703822,1.244227886,-0.215449572
17.56252104,-1.52918601,0.267381162,-0.566986561
17.58055807,-1.889245033,-0.435692817,-0.945155144
17.5985951,-2.111885071,-0.461259157,-0.801344574
17.6166326,-1.095623612,-0.548610747,-0.27403906
17.6346701,0.833568811,0.453802317,-0.141946375
17.6527076,1.426920652,1.670333385,-0.075900033
17.6707451,1.169126868,1.608548045,0.258592755
17.6887826,0.780305624,0.800013006,0.335291743
17.7068201,-0.520381272,-1.523326993,0.189350605
17.7248576,0.294545382,-3.636810064,0.260723263
17.7428951,1.930790305,-1.667137623,-0.006657898
17.7609326,0.419181258,-1.717205048,0.692155063
17.7789701,-1.138234258,-3.007239342,1.101216316
17.7970076,-2.860765457,-3.431214094,0.644218206
17.81504474,-3.521229029,-2.322274685,0.504668653
17.83308177,-2.748912811,-1.754489183,0.719851911
17.8511188,-2.023468256,-1.814144015,0.828508794
17.86915593,-1.781653404,-1.357145905,0.611195028
17.88719343,-1.859417677,-0.818122506,0.499342322
17.90523093,-2.14277792,-0.175768495,0.523843408
17.92326843,-2.303632736,-1.00667417,0.490820229
17.94130593,-2.039447308,-1.6458323,0.375771761
17.95934343,-1.703889251,-1.769402862,0.516386569
17.97738093,-1.748630285,-1.353950143,0.793355107
17.99541843,-1.691106081,-0.828775108,1.062866807
18.01345593,-1.386440635,-1.00667417,1.269527912
18.03149343,-1.034903646,-1.528653383,1.367532253
18.04953093,-0.861265659,-1.461541772,1.290833235
18.06756843,-0.745151937,-1.085503697,1.054344654
18.08560578,-0.423442304,-0.592286587,0.825313032
18.10364281,-0.240216956,-0.292947501,0.400272816
18.12167984,-0.180562183,-0.35686332,-0.027963171
18.13971687,0.094275832,-0.285490662,0.071106344
18.15775432,0.574709714,0,0.105194785
18.17579182,1.32359004,0.402669668,-0.241015896
18.19382932,2.083122969,0.959802568,-0.808801413
18.21186682,2.700975895,1.493499637,-1.371260643
18.22990869,3.084470987,2.151832581,-1.844237685
18.24791729,2.844786644,2.816557169,-2.066877842
18.26597984,2.720150709,2.114548445,-1.585378647
18.28401703,2.80004549,0.904408813,-0.776843488
18.30205406,3.122820377,0.242880106,-0.740624547
18.32009109,3.1004498,-0.476172835,-0.945155144
18.33812822,2.364352703,0.145941123,-1.10600996
18.35616572,1.462074399,0.906539381,-1.732385039
18.37420322,1.5675354,0.710530877,-1.678056598
18.39224072,1.701758623,1.657550216,-1.477787018
18.41027822,1.414137483,2.60883069,-1.403218508
18.42831572,0.846351981,2.687660217,-1.243428946
18.44635322,0.201867461,2.536392689,-0.77471298
18.46439072,-0.295610666,2.535327435,-0.202666402
18.48242822,-0.599210799,2.190181971,0.177632719
18.50046572,-0.826111972,1.726792336,0.325704366
18.51850322,-1.089232087,1.183507919,0.316116989
18.53654072,-1.427985907,0.655137122,0.198937982
18.55457822,-1.772066116,0.319579095,0.039148439
18.57261557,-1.476988077,0.550741315,-0.134489536
18.5906526,-0.219976947,-0.005326318,-0.315584362
18.60868963,0.951813042,0.161920071,-0.789626658
18.62672666,1.201084733,1.564872265,-0.748081386
18.64476411,1.152082682,2.370211601,-0.052464236
18.66280161,0.196541145,1.590438604,0.502538145
18.68083911,-0.751543522,0.145941123,0.490820229
18.69887661,-1.747565031,-2.806969643,0.336356998
18.71691411,0.942225695,-2.199769497,0.133956909
18.73495109,1.704954505,-0.284425378,0.190415874
18.75298411,-0.033555806,-1.438105941,0.730504513
18.77102713,-1.260739565,-2.705769539,0.854075134
18.78906432,-2.241847277,-3.259706736,0.440752834
18.80710135,-2.68712759,-2.370211601,0.160588488
18.82513838,-2.337721109,-1.619200706,0.469514936
18.84317552,-1.84983027,-1.588308096,0.947818339
18.86121302,-1.449291229,-1.042893052,0.828508794
18.87925052,-1.40561533,-0.48256442,0.517451823
18.89728802,-1.748630285,-0.350471735,0.361923307
18.91532552,-2.144908428,-0.921453059,0.366184384
18.93336302,-2.141712666,-1.440236449,0.389620185
18.95140052,-1.758217692,-1.570198655,0.331030667
18.96943802,-1.630385995,-1.211204767,0.598411858
18.98747552,-1.73691237,-0.579503417,0.912664652
19.00551302,-1.546230197,-0.692421377,1.082041502
19.02355052,-1.299088955,-1.029044628,1.204546809
19.04158802,-1.135038376,-1.018392086,1.350487947
19.05962552,-1.005076289,-0.803208768,1.348357439
19.07766302,-0.805871964,-0.751010895,1.067127824
19.09570052,-0.517185509,-0.597612917,0.766723514
19.11373776,-0.218911678,-0.479368627,0.385359108
19.13177479,-0.060187396,-0.708400309,0.039148439
19.14981182,0.321176976,-0.337688565,0.008255793
19.16784895,0.939029872,0.196008503,-0.302801192
19.18588645,1.73691237,0.864994049,-0.850346685
19.20392395,2.410158873,1.421061754,-1.454351187
19.22196145,2.902310848,1.834383965,-2.060486317
19.23998083,3.00564146,2.440519094,-2.275669336
19.25802812,2.735064507,2.262619972,-1.981656671
19.27607463,2.86396122,0.521979213,-0.938763559
19.29411166,3.169692039,-0.252467483,-0.709731877
19.31214869,3.170757294,-0.764859319,-1.053812027
19.33018572,2.341982126,0.105461098,-1.254081607
19.34822317,1.696432352,1.055676222,-1.88152194
19.36626067,1.634647012,0.614657104,-1.567269087
19.38429817,1.886049271,1.876994491,-1.174186826
19.40233567,1.66767025,2.958237171,-1.067660451
19.42037317,1.149952054,3.062633038,-0.87484777
19.43841067,0.449008614,2.780338049,-0.439154923
19.45644817,-0.184823245,2.558763266,-0.041811597
19.47448567,-0.647147656,2.227466345,0.187220082
19.49252317,-0.950747788,1.629853368,0.160588488
19.51056067,-1.137168884,1.03224051,0.019973693
19.52859817,-1.224520564,0.558198154,-0.190948501
19.54663567,-1.432246923,0.241814852,-0.433828622
19.56467317,-1.468465924,0.234357998,-0.555268645
19.58271067,-0.819720388,-0.592286587,-0.328367531
19.60074817,0.502271831,-0.327035934,-0.294279069
19.61878567,1.087101579,1.119592071,-0.314519078
19.63682291,1.14143002,1.849297643,0.028495802
19.65485994,0.390419126,1.139832139,0.410925448
19.67289697,-0.512924433,0.089482144,0.422643364
19.69093416,-1.42372489,-1.677790284,0.336356998
19.70897166,-1.534512281,-3.518565893,0.333161205
19.72700916,1.291632175,-1.819470286,0.064714767
19.7450476,0.84848249,-1.280446887,0.287354857
19.76308463,-0.639690816,-2.047436714,0.81466037
19.78112166,-1.636777639,-2.642919064,0.943557262
19.79915869,-2.422942162,-2.614156961,0.462058097
19.81719619,-2.516685247,-1.98458612,0.337422252
19.83523369,-1.853026152,-1.643701792,0.576041341
19.85327119,-1.260739565,-1.572329164,0.733700335
19.87130869,-0.993358374,-0.939562559,0.586693943
19.88934619,-1.257543683,-0.51345706,0.381098062
19.90738369,-1.66767025,-0.681768715,0.260723263
19.92542119,-2.009619951,-1.253815293,0.258592755
19.94345869,-1.945703983,-1.557415485,0.235156953
19.96149619,-1.669800758,-1.457280636,0.390685439
19.97953411,-1.691106081,-0.690290868,0.798681438
19.99757156,-1.740108132,-0.377103329,1.11506474
20.01560859,-1.52918601,-0.785099328,1.271658421
20.03364562,-1.371526957,-1.057806849,1.465536475
20.0516827,-1.306545854,-0.849015117,1.600824952
20.0697202,-1.073253155,-0.676442385,1.498559594
20.0877577,-0.696149766,-0.509196043,1.111868978
20.1057952,-0.351004362,-0.422909677,0.53982234
20.1238327,-0.105993733,-0.706269801,-0.05139897
20.1418702,0.170974821,-0.703073978,-0.065247402
20.1599077,0.529968679,-0.619983435,-0.040746335
20.1779452,1.294827938,-0.09693899,-0.215449572
20.1959827,2.17367053,0.650876105,-0.620249748
20.2140202,2.933203459,1.321992159,-1.058073163
20.23205588,3.245325565,1.777925014,-1.798431396
20.2500739,3.049317122,2.275403023,-2.272473574
20.26813317,2.436790466,1.695899725,-2.196840048
20.28617041,2.35050416,0.524109721,-1.359542727
20.30420744,3.030142546,0.527305484,-1.039963603
20.32224447,3.199519396,-0.213052735,-1.109205723
20.34028171,2.186453581,1.076981544,-1.30627954
20.35831921,1.761413455,0.84475404,-1.961416721
20.37635671,1.81148088,0.422909677,-1.51933229
20.39439421,1.835981846,1.572329164,-1.209340572
20.41243171,1.402419567,2.773946524,-1.248755336
20.43046921,0.823981404,3.263967752,-1.069790959
20.44850671,0.288153827,3.325752974,-0.496679187
20.46654421,-0.259391695,3.098851919,0.033822119
20.48458171,-0.690823495,2.60883069,0.327834874
20.50261921,-0.972053051,1.818405032,0.325704366
20.52065671,-1.094558358,0.936366737,0.128630579
20.53869421,-1.298023701,0.086286359,-0.232493788
20.55673171,-1.543034434,-0.029827382,-0.528637111
20.57476921,-1.265000582,-0.241814852,-0.30493173
20.59280671,-0.104928471,0.17470324,-0.218645364
20.61084421,0.908137262,1.176051021,-0.378434897
20.62888171,1.103080511,1.791773438,-0.145142168
20.64691921,0.646082401,1.383777499,0.335291743
20.66495671,-0.390419126,0.105461098,0.380032808
20.68299421,-1.372592211,-1.023718357,0.427969664
20.70103171,-2.365417957,-3.216030836,0.219177991
20.71906895,-0.415985465,-3.226683617,0.345944375
20.73710661,1.795501828,-1.00667417,-0.29214856
20.75514385,0.084688462,-1.94623673,0.368314892
20.77318088,-1.449291229,-2.379798889,0.976580441
20.79121791,-2.436790466,-2.188051462,0.910534084
20.80925515,-3.081274986,-1.821600795,0.615456045
20.82729265,-2.530533791,-1.624527097,0.872184634
20.84533015,-1.731586099,-1.47112906,1.239700556
20.86336765,-1.304415345,-0.807469845,0.818921447
20.88140515,-1.766739726,0.267381162,0.286289603
20.89944265,-2.158756733,-0.605069757,0.147805333
20.91748015,-1.888179779,-1.693769217,0.035952646
20.93551765,-1.628255486,-1.691638708,0.158457965
20.95355515,-1.513206959,-1.553154349,0.364053845
20.97159265,-1.417333245,-1.058872104,0.623978198
20.9896101,-1.360874295,-0.67005086,0.863662481
21.00765755,-1.163800478,-0.73183614,1.189633131
21.02570578,-1.034903646,-1.037566781,1.347292185
21.04374291,-1.034903646,-1.18883419,1.201351047
21.06177994,-0.805871964,-0.937431991,0.866858304
21.07981697,-0.312654883,-0.595482349,0.688959241
21.09785437,-0.163517967,-0.384560168,0.268180132
21.11589187,-0.258326441,-0.729705572,-0.01304948
21.13392937,0.012250531,-0.608265519,0.110521101
21.15196687,0.487358123,-0.659398198,0.124369532
21.17000437,1.270326853,-0.010652636,-0.18029587
21.18804187,2.164083004,0.51345706,-0.621315002
21.20607937,2.963030815,1.208009005,-1.137967944
21.22411687,3.188866615,2.070872545,-1.909218788
21.24213385,2.885266542,2.394712687,-2.388587475
21.26018724,2.450639009,1.07591629,-1.955025077
21.27822984,2.762761354,0.668985546,-1.229580522
21.29626687,3.21869421,0.173637971,-1.108140469
21.3143039,3.121755123,-0.545414984,-1.123054147
21.33234125,2.271674633,0.599743426,-1.346759558
21.35037874,1.684714437,0.884168804,-1.682317615
21.36841625,1.942508221,0.518783391,-1.316932201
21.38645374,1.986184001,1.20161736,-1.151816368
21.40449125,1.604819655,2.414952755,-1.20614481
21.42252874,0.914528847,2.967824459,-1.224254251
21.44056625,0.271109611,2.917757034,-0.720384538
21.45860374,-0.320111722,2.764359236,-0.115314789
21.47664124,-0.821850896,2.353167295,0.268180132
21.49467874,-1.124385715,1.638375521,0.371510685
21.51271624,-1.335307956,0.960867822,0.213851675
21.53075375,-1.587775469,0.448475987,-0.151533753
21.54879124,-1.804023981,0.386690706,-0.471112847
21.56682875,-1.283110023,0.190682188,-0.480700225
21.58486624,0.036751594,0.073503189,-0.527571797
21.60290375,0.997619391,0.923583567,-0.556333959
21.62094124,1.360874295,1.929192424,-0.145142168
21.63897875,0.967792034,1.55848074,0.456731796
21.65701624,0.080427408,0.164050594,0.558997095
21.67505374,-1.230912089,-1.421061754,0.540887594
21.69309124,-2.998184443,-3.410974264,0.099868469
21.71112874,-0.554469705,-2.295643091,-0.432763368
21.72916625,1.193627954,-0.937431991,-0.456199169
21.74720374,0.377635956,-1.511609077,0.489754945
21.76524125,-0.811198235,-2.279664278,1.113999486
21.78327874,-2.145973682,-2.00802207,0.829574049
21.80131625,-2.892723322,-1.751293421,0.422643364
21.81935374,-2.928942442,-1.764076591,0.619717121
21.83739125,-2.389919043,-1.997369289,1.005342603
21.85542874,-1.895636678,-1.593634367,0.292681187
21.87346625,-2.67647481,-0.668985546,0.071106344
21.89150374,-2.272739887,-1.243162632,0.273506433
21.90954124,-1.544099689,-1.949432492,0.548344433
21.92757833,-1.557948112,-2.052762985,0.72730875
21.94561536,-1.553686976,-1.694834471,0.788028777
21.96365239,-1.503619671,-1.491369128,0.841291964
21.98168869,-1.351286888,-1.840775609,0.944622517
21.9997064,-1.16699636,-2.021870375,1.155544758
22.01776604,-0.969922543,-1.820535541,1.254614234
22.03580328,-0.864461422,-1.457280636,1.004277349
22.05384031,-0.490553916,-1.030109882,0.710264504
22.07187734,0.013315796,-0.559263408,0.53982234
22.08991468,-0.038882121,-0.781903505,0.006125266
22.10795218,0.170974821,-0.601873934,0.039148439
22.12598968,0.702541351,-0.255663276,0.113716893
22.14402718,1.318263769,0.454867572,-0.296409607
22.16206468,2.278066397,0.937431991,-0.870586693
22.18010218,3.173953056,1.548893332,-1.423458576
22.19813968,3.221889973,2.33399272,-1.913479805
22.21617718,2.907637119,1.793903947,-2.115880013
22.23420807,2.637060165,0.71372664,-1.476721764
22.25223479,3.135603428,0.511326551,-1.033572078
22.27029052,3.548925877,-0.093743198,-1.001614094
22.28832755,3.332677364,-0.496412844,-1.052746773
22.30636458,2.346243143,0.745684564,-1.229580522
22.32440182,1.39815855,0.721183479,-1.471395373
22.34243932,1.871135592,0.665789783,-1.420262694
22.36047682,1.779522896,1.737444997,-1.279647946
22.37851432,1.170192122,2.982738256,-1.351020575
22.39655182,0.523577094,3.410974264,-1.029310942
22.41458932,-0.03781686,3.209639311,-0.382695973
22.43262682,-0.573644459,2.89645195,0.169110596
22.45066432,-0.932638347,2.298838854,0.373641223
22.46870182,-1.047686815,1.538240671,0.290550649
22.48673932,-1.093493104,0.676442385,-0.027963171
22.50477682,-1.293762684,0.410126507,-0.334759086
22.52281432,-0.95394361,0.416518092,-0.345411748
22.54085182,-0.100667417,0.427170724,-0.125967428
22.55888932,0.921985686,1.437040687,-0.425306499
22.57692682,1.120124698,1.939845085,-0.351803303
22.59496432,0.774979293,1.852493525,0.159523234
22.61300182,-0.00585895,0.859667778,0.351270676
22.63103932,-0.960335195,-0.378168583,0.272441179
22.64907682,-1.589905977,-2.52147913,0.014647375
22.66711432,0.647147656,-2.671681166,0.268180132
22.68515182,2.408028364,-0.417583346,0.044474758
22.70318932,0.443682313,-1.372059584,0.599477112
22.72122682,-1.121189952,-2.772881269,0.734765589
22.73926432,-2.634929657,-3.167028904,0.438622296
22.75730182,-3.202715158,-2.323339939,0.261788547
22.77533932,-2.870352983,-1.836514473,0.52703917
22.79337682,-2.49964118,-1.484977484,1.089498401
22.81141432,-1.860482931,-0.961933076,0.911599338
22.82945182,-1.813611388,-0.371776998,0.506799161
22.84748932,-2.198171616,-0.127831638,0.623978198
22.86552682,-2.333460093,-0.966194093,0.695350826
22.88356432,-2.029859781,-1.657550216,0.517451823
22.90160182,-1.620798588,-1.857819796,0.503603399
22.91963932,-1.563274384,-1.521196485,0.672980309
22.93767682,-1.648495436,-0.993891001,0.910534084
22.95571432,-1.494032264,-1.252750039,1.098020554
22.97375182,-1.132907867,-1.415735364,1.221591115
22.99176807,-0.931573033,-1.406147957,1.216264725
23.0098214,-1.037034154,-1.196291089,0.990428865
23.02786494,-0.623711884,-0.938497245,0.921186745
23.04590244,-0.133690581,-0.458063364,0.604803443
23.06393994,-0.228499055,-0.709465563,0.071106344
23.08197744,-0.065513715,-0.528370738,0.054062128
23.10001447,0.492684424,0.030892646,-0.060986344
23.11805151,1.296958447,0.43143177,-0.615988672
23.13608864,2.145973682,0.859667778,-1.185904741
23.15412614,2.853308678,1.470063806,-1.770734429
23.17216364,3.028011799,2.321209431,-2.142511606
23.19020114,2.797914982,2.435192585,-2.00189662
23.20823864,2.893788576,1.130244732,-1.176317334
23.22627614,3.157974005,0.202400088,-0.710797191
23.24429234,3.315633059,-0.450606525,-0.912131965
23.26235093,3.012032986,-0.311056972,-0.987765729
23.28038958,2.018141985,0.980042577,-1.170991063
23.29842661,1.64956069,0.924648821,-1.483113289
23.31646364,1.910550356,1.209074259,-1.327584863
23.33450109,1.84237349,2.005891323,-1.239167929
23.35253859,1.247956395,2.543849468,-1.243428946
23.37057635,0.454334945,2.501239061,-1.03676784
23.38861432,-0.275370657,2.327600956,-0.60533607
23.40665229,-0.811198235,2.341449499,-0.232493788
23.42468984,-1.126516342,1.98458612,-0.098270573
23.44272734,-1.15421319,1.425322771,-0.098270573
23.46076484,-1.068992019,0.91932255,-0.120641105
23.47880234,-1.295893192,0.677507699,-0.19307904
23.49683984,-1.08497107,0.634897113,-0.287887514
23.51487734,-0.629038155,0.067111611,-0.157925338
23.53291484,0.263652742,0.418648601,-0.266582221
23.55095234,0.801610887,1.535044909,-0.377369642
23.56898984,0.817589819,2.103895664,-0.09294425
23.58702734,0.361656994,1.492434382,0.337422252
23.60506484,-0.570448697,0.157659024,0.350205421
23.62310234,-1.668735504,-1.143027902,0.334226459
23.64113984,-2.143843174,-3.151049852,0.223439053
23.65917734,0.510793924,-1.954758763,0.162719026
23.67721484,1.713476539,-0.480433911,-0.183491662
23.69525234,-0.16564849,-1.866341949,0.186154828
23.71328984,-1.465270162,-2.548110723,0.6527403
23.73132734,-2.267413616,-1.963280916,0.63995713
23.74936484,-2.640255928,-1.308143735,0.548344433
23.76740234,-2.226933718,-1.21440053,0.77098453
23.78543984,-1.646364927,-1.482846975,1.072454214
23.80347734,-1.427985907,-0.836231947,0.398142278
23.82151484,-2.09910202,-0.197073773,-0.000266316
23.83955234,-2.069274664,-0.972585678,0.175502181
23.85758984,-1.625059724,-1.626657605,0.386424393
23.87562734,-1.589905977,-1.543567061,0.615456045
23.89366484,-1.810415506,-1.23251009,0.762462437
23.91170234,-1.882853508,-0.867124617,0.975515187
23.92973984,-1.774196625,-0.833036184,1.199220538
23.94777734,-1.499358535,-1.127048969,1.3227911
23.96581484,-1.278849006,-1.290034294,1.356879592
23.98384489,-1.064731002,-1.171790004,1.304681659
24.00186765,-0.56618762,-0.893756211,1.121456265
24.01992755,-0.207193777,-0.745684564,0.685763478
24.03796505,-0.190149561,-1.091895223,0.02210422
24.05600255,0.072970562,-1.053545713,0.027430538
24.07404005,0.655669749,-0.78829509,0.060453713
24.09207755,1.368331194,-0.109722152,-0.370978057
24.11011505,2.357961178,0.409061253,-0.864195108
24.12815255,3.0312078,1.323057413,-1.417066932
24.14619005,3.243195057,2.053828239,-2.03811574
24.16422755,2.842656136,2.179529428,-2.323606253
24.18226505,2.436790466,0.956606746,-1.782452345
24.20030255,2.888462305,0.030892646,-1.083639383
24.21834005,3.211237192,-0.43143177,-1.053812027
24.23637755,2.830938101,-0.354732782,-1.032506824
24.25441505,1.789110303,1.205878496,-1.130511045
24.27245255,1.474857569,0.864994049,-1.605618596
24.29049005,1.820002913,0.811730921,-1.374456406
24.30852755,1.892440915,1.375255346,-1.272191048
24.32656505,1.355548024,2.483129501,-1.390435338
24.34460255,0.62264657,2.837862253,-1.322258472
24.36264005,0.010120004,2.687660217,-0.800279319
24.38067755,-0.611993969,2.657832861,-0.265516967
24.39871505,-1.064731002,2.453302145,0.012516848
24.41675255,-1.234107971,2.024000883,0.052996866
24.43479005,-1.256478429,1.431714296,-0.05672529
24.45282755,-1.360874295,0.876711965,-0.341150671
24.47086505,-1.295893192,0.366450697,-0.589357138
24.48890255,-0.549143434,-0.243945375,-0.466851801
24.50694005,0.823981404,0.796817184,-0.563790798
24.52497755,1.283110023,1.804556608,-0.489222318
24.54301505,1.237303734,2.246640921,0.179763243
24.56105255,0.415985465,1.074851036,0.584563434
24.57909005,-0.387223333,-0.40053913,0.497211814
24.59712755,-1.52918601,-3.532414198,0.059388448
24.61516505,1.746499777,-1.868472457,-0.072704241
24.63320255,1.32359004,-0.648745537,0.122239001
24.65124005,-0.337155938,-2.331862211,0.74009192
24.66927755,-1.696432352,-3.281012058,0.87111932
24.68731505,-3.066361427,-3.227748871,0.538757086
24.70535255,-3.249586821,-2.405365229,0.464188635
24.72339005,-2.842656136,-2.025066137,0.89668566
24.74142755,-2.125733614,-1.829057693,1.300420642
24.75946505,-1.495097518,-1.009869933,0.880706728
24.77750255,-1.696432352,-0.735031903,0.479102314
24.79554005,-1.972335577,-0.784034014,0.442883372
24.81357755,-2.264217854,-1.565937519,0.498277068
24.83161505,-2.092710495,-1.719335556,0.427969664
24.84965255,-1.786979795,-1.791773438,0.533430755
24.86769005,-1.748630285,-1.298556328,0.81466037
24.88572755,-1.58031857,-0.976846755,1.0532794
24.90376505,-1.273522735,-1.284707904,1.257809997
24.92180255,-1.071122646,-1.678855538,1.381380677
24.93984005,-1.037034154,-1.530783892,1.31533432
24.95787755,-0.908137262,-0.991760433,1.204546809
24.97591505,-0.475640208,-0.668985546,0.976580441
24.99393145,-0.219976947,-0.483629704,0.354466468
25.01199005,-0.120907426,-0.74461931,-0.00133158
25.0300289,0.406398088,-0.321709633,0.062584236
25.0480664,1.233042717,0.320644349,-0.414653868
25.0661039,2.160887241,0.72650981,-1.128380537
25.0841414,2.981140375,1.293230057,-1.73771131
25.1021789,3.434942722,2.160354614,-2.278865337
25.1202164,3.078079224,2.451171637,-2.565421104
25.1382539,2.804306507,1.094025731,-2.025332451
25.1562914,3.18247509,-0.17470324,-1.256212115
25.1743289,3.577687979,-1.212270021,-1.333976388
25.1923664,3.077013969,-1.172855258,-1.240233183
25.2104039,1.991510391,0.912930965,-1.296692133
25.2284414,1.834916592,0.577372909,-1.574725986
25.24646604,2.245043039,0.528370738,-1.315866947
25.26451666,2.151299953,1.764076591,-1.132641554
25.28255442,1.446095347,2.618417978,-1.261538506
25.30059192,0.623711884,2.678072691,-1.031441569
25.31862942,-0.116646372,2.469281197,-0.513723373
25.33666692,-0.7664572,2.637592793,-0.065247402
25.35470442,-1.173387885,2.400038958,0.143544272
25.37274192,-1.278849006,1.786447167,0.122239001
25.39077942,-1.253282666,1.313470125,-0.023702117
25.40881692,-1.36726594,0.864994049,-0.287887514
25.42685442,-1.500423789,0.292947501,-0.46152547
25.44489192,-0.863396168,-0.690290868,-0.466851801
25.46292942,0.372309655,0.078829512,-0.457264423
25.48096739,1.208541632,1.739575505,-0.470047593
25.49900494,1.418398499,2.556632757,0.143544272
25.51704244,0.474574953,1.370994329,0.620782375
25.53507994,-0.513989687,-0.159789547,0.520647585
25.55311744,-1.669800758,-3.074350834,0.197872728
25.57115494,-1.000815153,-4.236553669,0.29587698
25.58919244,1.561143875,-1.291099548,0.065780029
25.60722994,0.226368517,-1.621331215,0.567519188
25.62526744,-1.074318409,-2.786729574,1.070323586
25.64330494,-2.265283108,-3.534544706,0.961666763
25.66134244,-3.227216244,-3.258641481,0.3832286
25.67937994,-3.197388887,-2.59072113,0.274571717
25.69741744,-2.431464195,-2.360624313,0.711329818
25.71545494,-1.556882858,-1.78431654,0.794420362
25.73349244,-1.263935328,-1.065263629,0.517451823
25.75152994,-1.661278605,-0.68283397,0.431165457
25.76956744,-1.820002913,-1.058872104,0.56538868
25.78760494,-1.817872405,-1.50202179,0.648479223
25.80564244,-1.684714437,-1.693769217,0.590955019
25.82367994,-1.761413455,-1.695899725,0.653805554
25.84171744,-1.809350252,-1.367798567,0.904142499
25.85975494,-1.483379602,-1.34542799,1.202416301
25.87779244,-1.173387885,-1.613874435,1.479384899
25.89582994,-1.106276274,-1.52013123,1.521995425
25.91386744,-0.833568811,-1.139832139,1.046887875
25.93190494,-0.443682313,-1.252750039,0.418382287
25.9499426,-0.157126382,-0.691356123,0.090281092
25.96798057,-0.03781686,-0.651941359,-0.099335834
25.98600661,0.169909552,-0.708400309,0.02210422
26.00403942,0.592819214,-0.580568671,0.107325316
26.02209395,1.252217412,0.063915819,-0.135554805
26.04013145,2.115081072,0.728640318,-0.608531833
26.05816895,3.023750782,1.573394418,-1.133706808
26.07620645,3.387005806,2.205095768,-1.774995565
26.09424395,3.225085735,2.551306486,-2.033854723
26.11228145,2.944921255,1.210139513,-1.68870914
26.13031895,3.106841326,-0.160854816,-0.977113068
26.14835645,3.561708927,-0.593351841,-0.971786737
26.16639395,3.229346752,-0.822383523,-1.080443621
26.18443145,2.432529449,0.271642238,-1.36806488
26.20246895,1.952095628,0.716922402,-1.65035975
26.22050645,1.810415506,0.435692817,-1.107075214
26.23854395,2.055426121,1.386973262,-0.950481474
26.25658145,1.644234419,2.763293982,-1.021854162
26.27461895,1.09775424,3.469563723,-0.995222569
26.29265645,0.387223333,3.467433214,-0.547811806
26.31069395,-0.454334945,3.218161345,-0.053529497
26.32873145,-1.163800478,2.567285299,0.212786406
26.34676895,-1.38004899,1.711878657,0.139283225
26.36480645,-1.318263769,0.759532988,-0.279365391
26.38284395,-1.434377551,-0.025566328,-0.928110957
26.40088145,-1.59310174,-0.328101188,-1.164599419
26.41891921,-1.103080511,-0.435692817,-0.449807584
26.43695718,0.570448697,0.772316158,-0.232493788
26.45499515,1.221324801,1.693769217,-0.206927463
26.47303291,1.238368988,2.097504139,0.230895892
26.49107041,0.451139152,0.871385634,0.488689691
26.50910791,-0.487358123,-0.258859068,0.499342322
26.52714541,-1.469531178,-2.178464174,0.410925448
26.54518291,-1.091362596,-3.462106943,0.442883372
26.56322041,1.899897695,-1.337971091,0.202133775
26.58125791,0.485227585,-1.423192263,0.456731796
26.59929541,-0.998684645,-2.763293982,0.779506683
26.61733291,-2.33026433,-3.508978367,0.675110817
26.63537041,-3.303915262,-2.979542494,0.285224348
26.65340791,-3.285805702,-2.047436714,0.334226459
26.67144541,-2.740390778,-1.637310266,0.690024495
26.68948291,-1.931855559,-1.546762824,0.882837236
26.70752041,-1.366200566,-0.860733032,0.549409747
26.72555791,-1.716672301,-0.34408015,0.437557042
26.7435964,-1.907354593,-0.906539381,0.502538145
26.7616339,-1.761413455,-1.714009166,0.47058022
26.7796714,-1.572861791,-2.052762985,0.457797051
26.7977089,-1.58031857,-1.919605136,0.585628688
26.8157464,-1.562209129,-1.315600634,0.868988812
26.8337839,-1.4546175,-1.315600634,1.086302638
26.8518214,-1.280979514,-1.554219604,1.334509015
26.8698589,-1.075383663,-1.630918622,1.455949068
26.8878964,-0.930507779,-1.424257517,1.212003708
26.9059339,-0.586427629,-0.941693068,0.959536254
26.9239714,-0.235955894,-0.524109721,0.7837677
26.9420089,-0.143277958,-0.472977042,0.175502181
26.9600464,-0.117711633,-0.632766604,-0.094009519
26.9780839,0.321176976,-0.297208548,0.078563191
26.99610067,1.043425679,0.235423267,-0.086552672
27.01416005,1.871135592,0.622113943,-0.571247637
27.03219755,2.739325523,1.257011056,-1.014397264
27.05023505,3.18247509,2.12093997,-1.564073324
27.06827255,3.161169767,2.899647713,-1.865543008
27.08631005,3.1441257,2.357428551,-1.787778735
27.10434755,2.916159153,0.954476237,-0.978178322
27.12238505,3.410441637,0.758467734,-0.698014021
27.14042255,3.495662689,-0.116113737,-0.879108846
27.15846005,2.550773859,0.65726769,-1.418132186
27.17649755,1.86261344,1.138766885,-2.035985231
27.19453505,1.947834611,0.987499416,-1.882587194
27.21257255,1.763543963,2.173137903,-1.739841819
27.23061005,1.338503718,2.839992762,-1.781387091
27.24864755,0.859135151,2.936931849,-1.57579124
27.26668505,0.287088543,3.218161345,-0.912131965
27.28472255,-0.343547523,3.315100431,-0.259125382
27.30276005,-0.812263548,2.839992762,0.105194785
27.32079776,-1.002945662,1.899365067,0.178697974
27.33883572,-1.075383663,0.994956255,0.014647375
27.35687369,-1.153147936,0.284425378,-0.441285461
27.37491161,-0.980575204,-0.090547413,-0.744885624
27.39294911,-0.820785642,-0.037284229,-0.660729766
27.41098661,-0.03249054,0.697747707,-0.549942374
27.42902411,0.699345589,1.416800618,-0.384826481
27.44706161,0.955008864,1.895104051,0.122239001
27.46509911,0.376570702,0.797882438,0.298007518
27.48313708,-0.52251184,-0.48789075,0.322508574
27.50117411,-1.46740067,-2.605634928,0.114782155
27.51921114,-0.782436132,-3.37368989,0.462058097
27.53724869,1.639973402,-0.993891001,0.144609541
27.55528666,0.246608526,-1.47645545,0.834900379
27.57332463,-1.258608937,-2.707900286,1.254614234
27.5913626,-2.65623498,-3.434410095,0.929708839
27.6094001,-3.628820658,-3.002978086,0.31398645
27.6274376,-3.252782583,-2.324405193,0.458862305
27.6454751,-2.307893753,-1.842906117,0.745418251
27.6635126,-1.687910199,-1.268728971,0.651675046
27.6815501,-1.427985907,-0.653006613,0.46525389
27.6995876,-1.661278605,-0.566720247,0.353401214
27.7176251,-1.995771408,-1.504152298,0.393881232
27.73565046,-1.933986187,-1.87166822,0.292681187
27.75368192,-1.606950164,-2.005891323,0.39601177
27.77173843,-1.579253316,-1.758750319,0.693220317
27.78977593,-1.522794366,-1.012000442,1.030908942
27.80781343,-1.363004804,-1.112135291,1.31000793
27.82585093,-1.185105801,-1.61493969,1.461275458
27.84388843,-0.949682534,-1.711878657,1.32811749
27.86192593,-0.692954004,-1.356080651,1.015995145
27.87996343,-0.408528596,-0.668985546,0.729439259
27.89800093,-0.230629578,-0.514522314,0.229830638
27.91603843,-0.00585895,-0.618918181,-0.143011645
27.93407593,0.270044327,-0.552871823,-0.107857943
27.95211343,0.834634066,0.034088437,-0.185622186
27.97015093,1.692171335,0.736097157,-0.61811924
27.98817458,2.702041149,1.410409093,-1.078313112
28.00621614,3.356113195,2.030392408,-1.666338682
28.02426474,3.509510994,2.763293982,-2.136119843
28.04230224,3.20058465,2.467150688,-2.238385201
28.06033974,2.89485383,0.092677936,-1.277517438
28.07837724,3.434942722,-0.433562309,-0.848216176
28.09641474,3.546795368,-1.117461562,-1.009070992
28.11445224,2.986466646,0.028762119,-1.235972166
28.13248974,2.249304295,1.065263629,-1.416001678
28.15052724,2.301501989,0.295078039,-0.990961492
28.16856474,2.415485382,0.917191982,-0.733167708
28.18660224,1.981922984,2.247706175,-0.856738269
28.20463974,1.32359004,2.809100151,-0.986700475
28.22267724,0.60986346,2.926279306,-0.647946596
28.24071474,-0.143277958,2.997651815,-0.103596889
28.25875234,-0.833568811,2.642919064,0.206394836
28.27679031,-1.291632175,1.734249234,0.174436927
28.29482828,-1.49296701,0.834101439,-0.065247402
28.31286625,-1.68045342,0.045806337,-0.463656008
28.33090385,-2.071405172,-0.34408015,-0.864195108
28.34894135,-2.041577816,-0.438888609,-0.719319284
28.36697885,-0.624777138,-0.245010644,-0.316649616
28.38501635,0.944356203,1.024783611,-0.421045452
28.40305385,1.324655294,1.921735644,-0.29214856
28.42109135,0.970987797,1.872733474,0.221308515
28.43912885,-0.116646372,0.586960256,0.487624437
28.45716635,-0.93583411,-0.50067389,0.550475001
28.47520385,-1.922268271,-3.238401413,0.250070632
28.49324135,0.069774769,-3.083938122,0.546213925
28.51127885,1.262870073,-1.235705853,-0.009853689
28.52931635,-0.671648741,-2.316948414,0.355531752
28.54735385,-1.805089235,-3.046653986,0.84022671
28.56539182,-2.627472878,-2.815491915,0.72198242
28.58342979,-3.176083565,-2.091112614,0.358727545
28.60146776,-2.840525389,-1.794969201,0.420512825
28.61950552,-2.215215683,-1.976064086,0.681502402
28.63754302,-1.517468095,-1.598960757,0.699611902
28.65558052,-1.457813263,-0.812796176,0.456731796
28.67361802,-1.773131371,-0.452737033,0.336356998
28.69165552,-1.920137763,-1.512674332,0.333161205
28.70969302,-1.616537571,-1.95901978,0.259658009
28.72773052,-1.340634346,-2.142245293,0.425839126
28.74574312,-1.419463754,-1.691638708,0.684698224
28.7638064,-1.490836501,-1.243162632,0.948883593
28.7818439,-1.461009026,-1.28364265,1.278050065
28.7998814,-1.357678533,-1.512674332,1.496429086
28.8179189,-1.265000582,-1.523326993,1.308942676
28.8359564,-1.038099408,-1.335840583,0.897750914
28.8539939,-0.518250763,-0.900147796,0.62717396
28.8720314,-0.306263298,-0.5571329,0.105194785
28.8900689,-0.348873854,-0.581633925,-0.14833796
28.9081064,-0.068709508,-0.516652882,0.073236875
28.9261439,0.394680172,-0.535827637,0.217047468
28.9441814,1.145691037,-0.132092685,0.013582111
28.9622189,2.102297783,0.180029556,-0.408262283
28.98025645,2.964096069,0.643419266,-0.801344574
28.99829442,3.000314951,1.661811233,-1.402153254
29.01633239,3.016294003,2.29031682,-1.789909244
29.03437036,3.084470987,2.225335836,-1.821867108
29.05240807,2.73293376,0.728640318,-1.140098453
29.07044557,3.530816317,0.44421494,-0.848216176
29.08848307,3.638407946,-0.196008503,-1.061268926
29.10652057,2.229064226,0.56991607,-1.722797632
29.12455807,2.204563141,0.601873934,-1.920936704
29.14259557,2.190714598,0.672181368,-1.572595477
29.16063307,1.828525066,1.718270302,-1.542768121
29.17867057,1.407745957,2.322274685,-1.686578631
29.19670807,0.996554136,2.630136013,-1.408544898
29.21474557,0.507598102,3.14785409,-0.744885624
29.23278427,-0.101732679,3.311904669,-0.070573717
29.25081479,-0.771783531,2.761163473,0.293746442
29.26885947,-1.163800478,1.836514473,0.417317033
29.28689697,-1.452486992,0.908669889,0.277767509
29.30493447,-1.658082843,0.169376925,0.017843166
29.32297197,-1.309741616,0.188551664,-0.026897907
29.34100947,-0.537425518,0.765924573,-0.203731671
29.35904697,0.571513951,1.524392247,-0.443415999
29.37708447,1.093493104,1.854624033,-0.358194888
29.39512197,0.930507779,1.688442826,0.071106344
29.41315947,0.163517967,0.651941359,0.255396962
29.43119697,-0.686562419,-0.593351841,0.299072772
29.44923447,-1.672996521,-2.909235001,0.271375924
29.46727197,0.085753724,-2.440519094,0.096672677
29.48530994,1.294827938,-1.318796396,-0.118510582
29.50334791,-0.307328552,-1.780055523,0.516386569
29.52138588,-1.554752231,-2.629070759,1.073519468
29.53942364,-2.586992741,-2.48526001,0.945687771
29.55746114,-2.983270884,-1.719335556,0.626108706
29.57549864,-2.699910641,-1.260206938,0.659131885
29.59353614,-2.357961178,-1.45834589,1.008538365
29.61157364,-1.876461864,-1.038632035,0.604803443
29.62961114,-2.074600935,-0.255663276,-0.025832644
29.64764864,-2.32493782,-0.528370738,0.021038957
29.66568614,-1.967009306,-1.390169024,0.253266424
29.68372364,-1.587775469,-1.666072369,0.479102314
29.70176114,-1.433312178,-1.94623673,0.622912943
29.71979864,-1.727324963,-1.440236449,0.882837236
29.73782057,-1.79337132,-1.018392086,1.193894267
29.75586057,-1.501489043,-1.242097378,1.418664813
29.7739127,-1.096688867,-1.442366958,1.457014322
29.7919502,-0.859135151,-1.304947972,1.107607841
29.8099877,-0.704671919,-1.105743647,0.761397183
29.8280252,-0.343547523,-0.604004502,0.580302358
29.8460627,-0.039947387,-0.768055081,0.193611667
29.8641002,0.114515841,-0.792556167,-0.018375797
29.8821377,0.562991858,-0.548610747,-0.031158961
29.9001752,1.347025871,0.199204296,-0.213319048
29.9182127,2.160887241,0.950215161,-0.638359249
29.9362502,2.919354916,1.881255627,-1.041028857
29.95428786,3.445595264,2.835731745,-1.588574409
29.97232583,3.12601614,3.111635208,-2.0125494
29.9903638,2.828807592,1.74596715,-1.587509155
29.91464505,2.135320902,0.411191762,-1.332911134
29.93268286,1.401354313,0.382429659,-1.678056598
29.95072036,1.814676642,0.47510758,-1.618401766
29.96875786,1.684714437,1.691638708,-1.477787018
29.98679536,1.193627954,3.180877209,-1.602422833
