Time (s),Gyroscope x (rad/s),Gyroscope y (rad/s),Gyroscope z (rad/s)
24.53,-0.04,0.07,0.03
24.53,-0.03,0.07,0.03
24.53,-0.03,0.07,0.03
24.54,-0.03,0.07,0.03
24.54,-0.03,0.07,0.03
24.54,-0.03,0.07,0.03
24.54,-0.04,0.07,0.03
24.55,-0.03,0.07,0.03
24.55,-0.03,0.07,0.03
24.55,-0.03,0.07,0.03
24.55,-0.03,0.07,0.03
24.56,-0.03,0.07,0.03
24.56,-0.03,0.07,0.03
24.56,-0.03,0.06,0.04
24.56,-0.03,0.07,0.04
24.57,-0.03,0.06,0.04
24.57,-0.03,0.06,0.04
24.57,-0.03,0.06,0.04
24.57,-0.03,0.06,0.04
24.58,-0.03,0.06,0.04
24.58,-0.03,0.06,0.04
24.58,-0.03,0.06,0.04
24.58,-0.03,0.06,0.04
24.59,-0.04,0.06,0.04
24.59,-0.04,0.06,0.04
24.59,-0.04,0.06,0.04
24.59,-0.03,0.06,0.04
24.60,-0.03,0.06,0.04
24.60,-0.04,0.06,0.04
24.60,-0.04,0.06,0.05
24.60,-0.04,0.06,0.05
24.61,-0.04,0.06,0.05
24.61,-0.04,0.05,0.05
24.61,-0.04,0.06,0.05
24.61,-0.04,0.06,0.05
24.62,-0.03,0.06,0.05
24.62,-0.03,0.06,0.05
24.62,-0.03,0.06,0.05
24.62,-0.03,0.06,0.05
24.63,-0.04,0.05,0.05
24.63,-0.03,0.05,0.05
24.63,-0.03,0.05,0.05
24.63,-0.03,0.05,0.05
24.64,-0.04,0.05,0.05
24.64,-0.03,0.05,0.05
24.64,-0.04,0.05,0.05
24.64,-0.03,0.05,0.05
24.65,-0.04,0.05,0.05
24.65,-0.04,0.05,0.05
24.65,-0.04,0.04,0.04
24.65,-0.04,0.05,0.04
24.66,-0.04,0.04,0.04
24.66,-0.05,0.04,0.04
24.66,-0.05,0.04,0.04
24.66,-0.05,0.04,0.05
24.67,-0.06,0.04,0.04
24.67,-0.06,0.04,0.04
24.67,-0.07,0.04,0.04
24.67,-0.07,0.04,0.04
24.68,-0.08,0.04,0.04
24.68,-0.08,0.04,0.04
24.68,-0.08,0.04,0.05
24.68,-0.09,0.04,0.05
24.69,-0.09,0.04,0.05
24.69,-0.10,0.05,0.05
24.69,-0.10,0.05,0.05
24.69,-0.10,0.05,0.05
24.70,-0.11,0.05,0.05
24.70,-0.11,0.05,0.05
24.70,-0.11,0.05,0.05
24.70,-0.12,0.06,0.05
24.71,-0.12,0.06,0.05
24.71,-0.13,0.06,0.05
24.71,-0.13,0.06,0.05
24.71,-0.13,0.06,0.05
24.72,-0.13,0.07,0.05
24.72,-0.13,0.07,0.05
24.72,-0.13,0.06,0.05
24.72,-0.13,0.06,0.05
24.73,-0.13,0.06,0.06
24.73,-0.13,0.06,0.06
24.73,-0.13,0.06,0.06
24.73,-0.13,0.06,0.06
24.74,-0.13,0.07,0.06
24.74,-0.14,0.07,0.06
24.74,-0.14,0.07,0.06
24.74,-0.15,0.08,0.06
24.75,-0.15,0.09,0.06
24.75,-0.16,0.10,0.06
24.75,-0.17,0.10,0.06
24.75,-0.17,0.11,0.06
24.76,-0.17,0.11,0.06
24.76,-0.18,0.12,0.07
24.76,-0.18,0.13,0.07
24.76,-0.18,0.14,0.07
24.77,-0.19,0.15,0.07
24.77,-0.19,0.16,0.07
24.77,-0.20,0.18,0.07
24.77,-0.21,0.21,0.07
24.78,-0.22,0.22,0.08
24.78,-0.23,0.24,0.08
24.78,-0.23,0.24,0.08
24.78,-0.22,0.25,0.08
24.79,-0.22,0.25,0.08
24.79,-0.21,0.26,0.08
24.79,-0.21,0.27,0.08
24.79,-0.21,0.28,0.09
24.80,-0.20,0.30,0.09
24.80,-0.20,0.30,0.09
24.80,-0.20,0.31,0.09
24.80,-0.20,0.33,0.09
24.81,-0.20,0.34,0.09
24.81,-0.20,0.36,0.09
24.81,-0.21,0.38,0.09
24.81,-0.21,0.39,0.09
24.82,-0.21,0.40,0.09
24.82,-0.21,0.41,0.09
24.82,-0.21,0.42,0.09
24.82,-0.22,0.42,0.09
24.83,-0.21,0.41,0.08
24.83,-0.20,0.40,0.08
24.83,-0.20,0.39,0.08
24.83,-0.20,0.39,0.07
24.84,-0.19,0.38,0.07
24.84,-0.19,0.37,0.06
24.84,-0.18,0.37,0.06
24.84,-0.18,0.37,0.06
24.85,-0.18,0.36,0.06
24.85,-0.17,0.35,0.05
24.85,-0.17,0.35,0.05
24.85,-0.16,0.34,0.04
24.86,-0.16,0.32,0.04
24.86,-0.15,0.31,0.03
24.86,-0.14,0.30,0.02
24.86,-0.13,0.28,0.01
24.87,-0.12,0.26,0.01
24.87,-0.10,0.25,0.00
24.87,-0.09,0.23,-0.01
24.87,-0.08,0.21,-0.01
24.88,-0.06,0.19,-0.02
24.88,-0.05,0.17,-0.02
24.88,-0.04,0.16,-0.03
24.88,-0.03,0.15,-0.03
24.89,-0.02,0.13,-0.03
24.89,-0.01,0.12,-0.03
24.89,0.00,0.11,-0.04
24.89,0.01,0.10,-0.04
24.90,0.02,0.09,-0.04
24.90,0.03,0.07,-0.05
24.90,0.04,0.06,-0.05
24.90,0.05,0.05,-0.05
24.91,0.06,0.03,-0.05
24.91,0.07,0.03,-0.05
24.91,0.08,0.02,-0.06
24.91,0.09,0.01,-0.06
24.92,0.10,0.00,-0.05
24.92,0.10,0.00,-0.05
24.92,0.10,-0.01,-0.05
24.92,0.11,-0.01,-0.05
24.93,0.11,-0.01,-0.05
24.93,0.12,-0.01,-0.05
24.93,0.12,-0.02,-0.04
24.93,0.12,-0.02,-0.03
24.94,0.12,-0.03,-0.03
24.94,0.12,-0.03,-0.03
24.94,0.12,-0.03,-0.03
24.94,0.11,-0.03,-0.03
24.95,0.11,-0.04,-0.02
24.95,0.10,-0.04,-0.01
24.95,0.09,-0.04,-0.01
24.95,0.08,-0.04,-0.01
24.96,0.08,-0.04,0.00
24.96,0.07,-0.04,0.00
24.96,0.06,-0.04,0.01
24.96,0.05,-0.04,0.01
24.97,0.04,-0.03,0.02
24.97,0.03,-0.03,0.02
24.97,0.01,-0.03,0.03
24.97,0.00,-0.03,0.03
24.98,-0.01,-0.02,0.04
24.98,-0.03,-0.02,0.04
24.98,-0.04,-0.01,0.05
24.98,-0.05,-0.01,0.06
24.99,-0.07,-0.01,0.07
24.99,-0.08,0.00,0.07
24.99,-0.09,0.00,0.08
24.99,-0.11,0.00,0.09
25.00,-0.13,0.00,0.09
25.00,-0.14,-0.01,0.11
25.00,-0.16,0.00,0.12
25.00,-0.17,-0.01,0.13
25.01,-0.19,-0.02,0.15
25.01,-0.21,-0.03,0.16
25.01,-0.22,-0.04,0.17
25.01,-0.24,-0.06,0.19
25.02,-0.26,-0.07,0.20
25.02,-0.28,-0.09,0.22
25.02,-0.30,-0.11,0.24
25.02,-0.32,-0.13,0.25
25.03,-0.34,-0.14,0.26
25.03,-0.37,-0.16,0.28
25.03,-0.39,-0.17,0.29
25.03,-0.42,-0.19,0.30
25.04,-0.44,-0.20,0.31
25.04,-0.47,-0.20,0.32
25.04,-0.51,-0.21,0.33
25.04,-0.54,-0.21,0.33
25.05,-0.57,-0.21,0.33
25.05,-0.60,-0.21,0.34
25.05,-0.62,-0.21,0.34
25.05,-0.65,-0.20,0.35
25.06,-0.68,-0.20,0.36
25.06,-0.70,-0.20,0.36
25.06,-0.72,-0.20,0.36
25.06,-0.74,-0.19,0.36
25.07,-0.74,-0.20,0.36
25.07,-0.75,-0.20,0.37
25.07,-0.76,-0.21,0.37
25.07,-0.76,-0.21,0.37
25.08,-0.76,-0.21,0.37
25.08,-0.75,-0.22,0.37
25.08,-0.74,-0.22,0.37
25.08,-0.74,-0.22,0.38
25.09,-0.73,-0.22,0.38
25.09,-0.72,-0.22,0.38
25.09,-0.70,-0.22,0.38
25.09,-0.69,-0.22,0.38
25.10,-0.67,-0.22,0.39
25.10,-0.66,-0.22,0.39
25.10,-0.63,-0.22,0.39
25.10,-0.61,-0.23,0.39
25.11,-0.59,-0.23,0.40
25.11,-0.56,-0.23,0.40
25.11,-0.53,-0.24,0.40
25.11,-0.50,-0.25,0.41
25.12,-0.46,-0.26,0.41
25.12,-0.42,-0.26,0.42
25.12,-0.39,-0.27,0.44
25.12,-0.34,-0.28,0.46
25.13,-0.30,-0.28,0.48
25.13,-0.26,-0.28,0.50
25.13,-0.21,-0.27,0.54
25.13,-0.17,-0.26,0.57
25.14,-0.13,-0.26,0.58
25.14,-0.11,-0.28,0.57
25.14,-0.07,-0.28,0.55
25.14,-0.04,-0.27,0.54
25.15,-0.01,-0.26,0.52
25.15,0.02,-0.24,0.51
25.15,0.03,-0.23,0.49
25.15,0.05,-0.22,0.47
25.16,0.05,-0.21,0.46
25.16,0.05,-0.20,0.45
25.16,0.04,-0.20,0.44
25.16,0.03,-0.19,0.43
25.17,0.00,-0.18,0.42
25.17,-0.03,-0.17,0.42
25.17,-0.06,-0.15,0.42
25.17,-0.09,-0.14,0.42
25.18,-0.12,-0.13,0.41
25.18,-0.16,-0.12,0.40
25.18,-0.19,-0.10,0.40
25.18,-0.23,-0.09,0.39
25.19,-0.26,-0.07,0.38
25.19,-0.29,-0.05,0.37
25.19,-0.31,-0.03,0.35
25.19,-0.32,0.00,0.33
25.20,-0.34,0.02,0.32
25.20,-0.35,0.05,0.30
25.20,-0.35,0.08,0.28
25.20,-0.35,0.10,0.26
25.21,-0.33,0.12,0.24
25.21,-0.33,0.14,0.22
25.21,-0.31,0.16,0.21
25.21,-0.29,0.18,0.19
25.22,-0.28,0.19,0.17
25.22,-0.26,0.19,0.15
25.22,-0.23,0.20,0.14
25.22,-0.21,0.20,0.12
25.23,-0.20,0.19,0.11
25.23,-0.18,0.19,0.10
25.23,-0.17,0.18,0.08
25.23,-0.17,0.18,0.07
25.24,-0.17,0.17,0.07
25.24,-0.18,0.16,0.07
25.24,-0.19,0.16,0.07
25.24,-0.20,0.16,0.07
25.25,-0.21,0.16,0.08
25.25,-0.23,0.17,0.09
25.25,-0.25,0.19,0.10
25.25,-0.26,0.21,0.11
25.26,-0.27,0.24,0.13
25.26,-0.27,0.26,0.14
25.26,-0.27,0.28,0.16
25.26,-0.26,0.29,0.17
25.27,-0.26,0.32,0.19
25.27,-0.27,0.36,0.21
25.27,-0.29,0.40,0.22
25.27,-0.31,0.43,0.23
25.28,-0.33,0.44,0.25
25.28,-0.35,0.45,0.26
25.28,-0.38,0.45,0.28
25.28,-0.40,0.44,0.31
25.29,-0.42,0.42,0.34
25.29,-0.44,0.40,0.37
25.29,-0.47,0.38,0.39
25.29,-0.50,0.37,0.42
25.30,-0.53,0.35,0.44
25.30,-0.56,0.33,0.45
25.30,-0.58,0.32,0.45
25.30,-0.61,0.30,0.45
25.31,-0.63,0.29,0.43
25.31,-0.66,0.28,0.40
25.31,-0.68,0.29,0.37
25.31,-0.71,0.29,0.33
25.32,-0.73,0.29,0.30
25.32,-0.75,0.29,0.26
25.32,-0.78,0.28,0.21
25.32,-0.80,0.25,0.17
25.33,-0.82,0.21,0.12
25.33,-0.84,0.15,0.07
25.33,-0.87,0.10,0.02
25.34,-0.89,0.03,-0.03
25.34,-0.92,-0.03,-0.08
25.34,-0.96,-0.09,-0.12
25.34,-1.01,-0.13,-0.15
25.35,-1.07,-0.18,-0.17
25.35,-1.14,-0.23,-0.18
25.35,-1.21,-0.27,-0.18
25.35,-1.28,-0.32,-0.19
25.35,-1.34,-0.38,-0.19
25.36,-1.39,-0.46,-0.21
25.36,-1.43,-0.56,-0.23
25.36,-1.46,-0.67,-0.27
25.36,-1.48,-0.78,-0.31
25.37,-1.48,-0.91,-0.35
25.37,-1.46,-1.08,-0.40
25.37,-1.43,-1.26,-0.44
25.37,-1.41,-1.44,-0.45
25.38,-1.38,-1.61,-0.42
25.38,-1.35,-1.75,-0.37
25.38,-1.35,-1.79,-0.27
25.38,-1.42,-1.70,-0.13
25.39,-1.53,-1.55,0.02
25.39,-1.64,-1.41,0.20
25.39,-1.72,-1.29,0.34
25.39,-1.76,-1.18,0.45
25.40,-1.80,-1.05,0.54
25.40,-1.81,-0.90,0.60
25.40,-1.80,-0.72,0.65
25.40,-1.76,-0.51,0.68
25.41,-1.68,-0.31,0.70
25.41,-1.56,-0.14,0.70
25.41,-1.42,0.00,0.68
25.41,-1.27,0.11,0.67
25.42,-1.12,0.18,0.66
25.42,-0.97,0.22,0.66
25.42,-0.83,0.24,0.66
25.42,-0.68,0.24,0.67
25.43,-0.54,0.23,0.69
25.43,-0.40,0.20,0.71
25.43,-0.27,0.16,0.73
25.43,-0.15,0.13,0.75
25.44,-0.03,0.10,0.76
25.44,0.08,0.06,0.76
25.44,0.17,0.02,0.75
25.44,0.25,-0.01,0.73
25.45,0.31,-0.03,0.70
25.45,0.35,-0.06,0.67
25.45,0.39,-0.07,0.63
25.45,0.40,-0.08,0.59
25.46,0.41,-0.09,0.55
25.46,0.41,-0.10,0.50
25.46,0.40,-0.10,0.46
25.46,0.38,-0.10,0.41
25.47,0.37,-0.09,0.37
25.47,0.35,-0.09,0.33
25.47,0.34,-0.09,0.29
25.47,0.32,-0.08,0.26
25.48,0.32,-0.08,0.23
25.48,0.31,-0.07,0.20
25.48,0.31,-0.06,0.17
25.49,0.31,-0.05,0.15
25.49,0.32,-0.03,0.12
25.49,0.33,-0.02,0.10
25.49,0.35,0.00,0.08
25.50,0.36,0.01,0.05
25.50,0.38,0.03,0.03
25.50,0.40,0.05,0.01
25.50,0.42,0.06,0.00
25.51,0.44,0.08,-0.02
25.51,0.46,0.10,-0.03
25.51,0.48,0.12,-0.05
25.51,0.49,0.13,-0.06
25.52,0.51,0.15,-0.07
25.52,0.53,0.15,-0.07
25.52,0.54,0.16,-0.08
25.52,0.55,0.17,-0.08
25.53,0.56,0.18,-0.08
25.53,0.57,0.18,-0.09
25.53,0.58,0.17,-0.09
25.53,0.59,0.17,-0.10
25.54,0.60,0.17,-0.10
25.54,0.61,0.17,-0.10
25.54,0.62,0.16,-0.10
25.54,0.63,0.15,-0.11
25.55,0.64,0.15,-0.12
25.55,0.65,0.15,-0.12
25.55,0.66,0.15,-0.13
25.55,0.67,0.15,-0.14
25.56,0.67,0.15,-0.15
25.56,0.68,0.15,-0.16
25.56,0.69,0.15,-0.18
25.56,0.70,0.14,-0.20
25.57,0.71,0.13,-0.22
25.57,0.73,0.12,-0.24
25.57,0.73,0.11,-0.26
25.57,0.74,0.09,-0.29
25.58,0.75,0.08,-0.32
25.58,0.75,0.07,-0.35
25.58,0.76,0.06,-0.36
25.58,0.75,0.05,-0.38
25.59,0.75,0.05,-0.40
25.59,0.75,0.05,-0.42
25.59,0.74,0.04,-0.44
25.59,0.74,0.03,-0.45
25.60,0.73,0.02,-0.46
25.60,0.72,0.02,-0.46
25.60,0.71,0.01,-0.46
25.60,0.71,0.00,-0.48
25.61,0.71,-0.01,-0.49
25.61,0.72,-0.03,-0.51
25.61,0.73,-0.04,-0.53
25.61,0.75,-0.05,-0.55
25.62,0.77,-0.06,-0.57
25.62,0.79,-0.07,-0.58
25.62,0.82,-0.07,-0.59
25.62,0.85,-0.08,-0.59
25.63,0.88,-0.10,-0.59
25.63,0.91,-0.11,-0.60
25.63,0.94,-0.12,-0.59
25.63,0.97,-0.12,-0.59
25.64,1.00,-0.12,-0.58
25.64,1.02,-0.11,-0.57
25.64,1.04,-0.10,-0.56
25.64,1.05,-0.09,-0.54
25.65,1.06,-0.07,-0.53
25.65,1.08,-0.06,-0.51
25.65,1.09,-0.05,-0.49
25.65,1.09,-0.03,-0.47
25.66,1.08,-0.01,-0.45
25.66,1.06,0.03,-0.43
25.66,1.04,0.07,-0.41
25.66,1.01,0.10,-0.38
25.67,0.98,0.14,-0.35
25.67,0.94,0.17,-0.32
25.67,0.90,0.20,-0.28
25.67,0.87,0.22,-0.24
25.68,0.83,0.24,-0.20
25.68,0.79,0.26,-0.16
25.68,0.75,0.26,-0.12
25.68,0.72,0.27,-0.09
25.69,0.69,0.27,-0.06
25.69,0.67,0.26,-0.03
25.69,0.65,0.25,0.00
25.69,0.62,0.25,0.03
25.70,0.59,0.26,0.05
25.70,0.56,0.26,0.08
25.70,0.54,0.25,0.10
25.70,0.53,0.24,0.12
25.71,0.51,0.22,0.13
25.71,0.51,0.20,0.14
25.71,0.50,0.18,0.15
25.71,0.50,0.16,0.15
25.72,0.49,0.15,0.16
25.72,0.49,0.14,0.16
25.72,0.48,0.13,0.17
25.72,0.48,0.13,0.17
25.73,0.47,0.12,0.17
25.73,0.47,0.11,0.16
25.73,0.46,0.11,0.15
25.73,0.43,0.14,0.14
25.74,0.39,0.19,0.13
25.74,0.35,0.22,0.11
25.74,0.31,0.25,0.10
25.74,0.26,0.27,0.08
25.75,0.22,0.28,0.06
25.75,0.18,0.27,0.03
25.75,0.15,0.26,0.01
25.75,0.11,0.26,-0.02
25.76,0.08,0.24,-0.04
25.76,0.05,0.22,-0.06
25.76,0.02,0.20,-0.09
25.76,0.00,0.18,-0.11
25.77,-0.03,0.15,-0.13
25.77,-0.05,0.13,-0.16
25.77,-0.08,0.11,-0.18
25.77,-0.09,0.09,-0.20
25.78,-0.11,0.08,-0.21
25.78,-0.14,0.08,-0.22
25.78,-0.17,0.08,-0.24
25.78,-0.19,0.08,-0.25
25.79,-0.22,0.09,-0.26
25.79,-0.25,0.10,-0.26
25.79,-0.28,0.10,-0.26
25.79,-0.31,0.11,-0.26
25.80,-0.33,0.12,-0.26
25.80,-0.35,0.13,-0.25
25.80,-0.37,0.13,-0.25
25.80,-0.38,0.14,-0.23
25.81,-0.38,0.14,-0.22
25.81,-0.38,0.15,-0.21
25.81,-0.38,0.16,-0.19
25.81,-0.38,0.16,-0.18
25.82,-0.38,0.17,-0.16
25.82,-0.37,0.17,-0.14
25.82,-0.35,0.17,-0.12
25.82,-0.34,0.16,-0.09
25.83,-0.33,0.15,-0.06
25.83,-0.32,0.14,-0.02
25.83,-0.31,0.14,0.01
25.83,-0.31,0.14,0.06
25.84,-0.31,0.15,0.10
25.84,-0.32,0.18,0.14
25.84,-0.34,0.22,0.18
25.84,-0.34,0.26,0.23
25.85,-0.36,0.31,0.29
25.85,-0.38,0.37,0.34
25.85,-0.39,0.43,0.40
25.85,-0.41,0.50,0.46
25.86,-0.42,0.58,0.51
25.86,-0.44,0.67,0.55
25.86,-0.47,0.77,0.59
25.86,-0.51,0.85,0.63
25.87,-0.55,0.93,0.66
25.87,-0.59,0.99,0.65
25.87,-0.63,1.02,0.63
25.87,-0.68,1.03,0.58
25.88,-0.71,1.00,0.52
25.88,-0.71,0.95,0.44
25.88,-0.68,0.86,0.34
25.88,-0.62,0.75,0.23
25.89,-0.54,0.67,0.12
25.89,-0.48,0.59,0.00
25.89,-0.42,0.52,-0.11
25.89,-0.36,0.43,-0.22
25.90,-0.31,0.33,-0.33
25.90,-0.27,0.21,-0.42
25.90,-0.21,0.08,-0.51
25.90,-0.17,-0.06,-0.56
25.91,-0.14,-0.20,-0.58
25.91,-0.12,-0.33,-0.56
25.91,-0.11,-0.45,-0.53
25.91,-0.12,-0.52,-0.47
25.92,-0.15,-0.54,-0.39
25.92,-0.18,-0.52,-0.32
25.92,-0.24,-0.45,-0.25
25.92,-0.30,-0.34,-0.18
25.93,-0.36,-0.19,-0.13
25.93,-0.43,-0.03,-0.07
25.93,-0.50,0.13,-0.02
25.93,-0.57,0.28,0.04
25.94,-0.64,0.44,0.11
25.94,-0.69,0.56,0.19
25.94,-0.71,0.65,0.28
25.94,-0.72,0.72,0.37
25.95,-0.72,0.77,0.44
25.95,-0.69,0.79,0.49
25.95,-0.65,0.82,0.54
25.95,-0.60,0.84,0.57
25.96,-0.54,0.89,0.59
25.96,-0.47,0.95,0.58
25.96,-0.39,1.03,0.56
25.96,-0.30,1.10,0.51
25.97,-0.21,1.16,0.45
25.97,-0.13,1.20,0.37
25.97,-0.05,1.24,0.30
25.97,0.02,1.27,0.23
25.98,0.09,1.28,0.16
25.98,0.14,1.28,0.10
25.98,0.19,1.26,0.04
25.98,0.22,1.22,-0.01
25.99,0.25,1.17,-0.06
25.99,0.27,1.10,-0.11
25.99,0.28,1.02,-0.16
25.99,0.30,0.93,-0.20
26.00,0.31,0.85,-0.25
26.00,0.32,0.77,-0.29
26.00,0.32,0.68,-0.32
26.00,0.33,0.62,-0.35
26.01,0.33,0.56,-0.38
26.01,0.34,0.50,-0.40
26.01,0.34,0.47,-0.43
26.01,0.35,0.44,-0.46
26.02,0.35,0.42,-0.48
26.02,0.35,0.42,-0.50
26.02,0.35,0.42,-0.52
26.02,0.36,0.41,-0.54
26.03,0.36,0.42,-0.54
26.03,0.36,0.42,-0.55
26.03,0.35,0.43,-0.56
26.03,0.34,0.43,-0.57
26.04,0.34,0.44,-0.57
26.04,0.33,0.45,-0.58
26.04,0.33,0.45,-0.59
26.04,0.33,0.46,-0.61
26.05,0.32,0.47,-0.62
26.05,0.31,0.48,-0.63
26.05,0.30,0.49,-0.64
26.05,0.30,0.49,-0.65
26.06,0.30,0.49,-0.67
26.06,0.31,0.49,-0.68
26.06,0.31,0.49,-0.69
26.06,0.32,0.47,-0.69
26.07,0.33,0.45,-0.70
26.07,0.35,0.43,-0.71
26.07,0.37,0.40,-0.71
26.07,0.40,0.37,-0.70
26.08,0.43,0.34,-0.70
26.08,0.46,0.31,-0.68
26.08,0.50,0.28,-0.67
26.08,0.54,0.26,-0.65
26.09,0.57,0.25,-0.62
26.09,0.61,0.25,-0.59
26.09,0.65,0.24,-0.56
26.09,0.68,0.24,-0.52
26.10,0.71,0.24,-0.49
26.10,0.74,0.24,-0.46
26.10,0.76,0.25,-0.42
26.10,0.79,0.26,-0.39
26.11,0.81,0.27,-0.36
26.11,0.82,0.27,-0.33
26.11,0.84,0.27,-0.30
26.11,0.85,0.26,-0.26
26.12,0.85,0.26,-0.22
26.12,0.85,0.25,-0.19
26.12,0.85,0.24,-0.15
26.12,0.84,0.23,-0.12
26.13,0.82,0.22,-0.10
26.13,0.80,0.20,-0.07
26.13,0.77,0.18,-0.05
26.13,0.73,0.15,-0.04
26.14,0.70,0.12,-0.03
26.14,0.65,0.09,-0.02
26.14,0.60,0.06,-0.01
26.14,0.55,0.03,-0.01
26.15,0.49,-0.01,-0.01
26.15,0.43,-0.05,-0.01
26.15,0.37,-0.09,-0.01
26.15,0.32,-0.12,-0.02
26.16,0.26,-0.16,-0.03
26.16,0.20,-0.20,-0.04
26.16,0.15,-0.23,-0.05
26.16,0.09,-0.26,-0.06
26.17,0.04,-0.30,-0.08
26.17,-0.02,-0.32,-0.09
26.17,-0.07,-0.35,-0.11
26.17,-0.12,-0.38,-0.11
26.18,-0.17,-0.40,-0.12
26.18,-0.22,-0.42,-0.12
26.18,-0.26,-0.45,-0.12
26.18,-0.30,-0.47,-0.11
26.19,-0.33,-0.50,-0.10
26.19,-0.37,-0.53,-0.08
26.19,-0.40,-0.56,-0.06
26.19,-0.42,-0.59,-0.03
26.20,-0.44,-0.62,0.00
26.20,-0.46,-0.65,0.03
26.20,-0.47,-0.68,0.07
26.20,-0.47,-0.71,0.12
26.21,-0.47,-0.73,0.16
26.21,-0.46,-0.75,0.20
26.21,-0.44,-0.75,0.23
26.21,-0.42,-0.76,0.27
26.22,-0.39,-0.75,0.30
26.22,-0.35,-0.75,0.32
26.22,-0.31,-0.74,0.34
26.22,-0.27,-0.73,0.35
26.23,-0.23,-0.72,0.36
26.23,-0.19,-0.72,0.37
26.23,-0.14,-0.72,0.37
26.23,-0.11,-0.71,0.37
26.24,-0.08,-0.70,0.38
26.24,-0.06,-0.69,0.38
26.24,-0.03,-0.68,0.39
26.24,-0.01,-0.67,0.39
26.25,0.00,-0.66,0.39
26.25,0.02,-0.65,0.40
26.25,0.04,-0.63,0.41
26.25,0.07,-0.62,0.42
26.26,0.09,-0.60,0.42
26.26,0.11,-0.57,0.42
26.26,0.13,-0.53,0.43
26.26,0.16,-0.49,0.43
26.27,0.19,-0.44,0.43
26.27,0.20,-0.39,0.44
26.27,0.22,-0.33,0.45
26.27,0.24,-0.27,0.46
26.28,0.24,-0.21,0.47
26.28,0.25,-0.16,0.46
26.28,0.27,-0.12,0.44
26.28,0.27,-0.08,0.42
26.29,0.29,-0.03,0.40
26.29,0.30,0.02,0.39
26.29,0.30,0.07,0.39
26.29,0.30,0.12,0.40
26.30,0.30,0.17,0.41
26.30,0.29,0.20,0.43
26.30,0.28,0.23,0.45
26.30,0.25,0.23,0.48
26.31,0.23,0.22,0.50
26.31,0.19,0.20,0.52
26.31,0.15,0.17,0.54
26.31,0.09,0.13,0.55
26.32,0.04,0.10,0.56
26.32,-0.02,0.08,0.57
26.32,-0.08,0.06,0.58
26.32,-0.14,0.07,0.58
26.33,-0.20,0.09,0.57
26.33,-0.25,0.11,0.55
26.33,-0.30,0.13,0.52
26.33,-0.35,0.14,0.49
26.34,-0.38,0.15,0.46
26.34,-0.41,0.13,0.43
26.34,-0.44,0.10,0.38
26.34,-0.46,0.06,0.34
26.35,-0.48,0.01,0.30
26.35,-0.50,-0.05,0.25
26.35,-0.51,-0.12,0.21
26.35,-0.52,-0.19,0.17
26.36,-0.52,-0.26,0.15
26.36,-0.53,-0.34,0.12
26.36,-0.54,-0.41,0.11
26.36,-0.54,-0.47,0.10
26.37,-0.55,-0.53,0.09
26.37,-0.56,-0.59,0.09
26.37,-0.58,-0.65,0.09
26.37,-0.60,-0.69,0.10
26.38,-0.63,-0.72,0.10
26.38,-0.68,-0.74,0.10
26.38,-0.73,-0.74,0.11
26.38,-0.80,-0.73,0.11
26.39,-0.88,-0.72,0.12
26.39,-0.97,-0.70,0.13
26.39,-1.06,-0.69,0.14
26.39,-1.17,-0.67,0.16
26.40,-1.29,-0.63,0.19
26.40,-1.41,-0.60,0.22
26.40,-1.53,-0.58,0.25
26.40,-1.63,-0.57,0.25
26.41,-1.74,-0.57,0.25
26.41,-1.87,-0.57,0.28
26.41,-2.01,-0.53,0.33
26.41,-2.18,-0.46,0.40
26.42,-2.37,-0.41,0.49
26.42,-2.55,-0.37,0.60
26.42,-2.73,-0.33,0.72
26.42,-2.91,-0.33,0.82
26.43,-3.07,-0.36,0.90
26.43,-3.22,-0.43,0.94
26.43,-3.36,-0.52,0.95
26.43,-3.48,-0.63,0.94
26.44,-3.55,-0.74,0.91
26.44,-3.55,-0.86,0.87
26.44,-3.50,-0.95,0.84
26.44,-3.40,-0.98,0.80
26.45,-3.26,-0.90,0.76
26.45,-3.08,-0.74,0.70
26.45,-2.90,-0.56,0.63
26.45,-2.75,-0.38,0.56
26.46,-2.60,-0.20,0.49
26.46,-2.43,-0.08,0.42
26.46,-2.24,-0.01,0.36
26.46,-2.06,0.04,0.30
26.47,-1.88,0.06,0.25
26.47,-1.72,0.06,0.21
26.47,-1.56,0.04,0.19
26.47,-1.42,-0.01,0.17
26.48,-1.30,-0.07,0.16
26.48,-1.19,-0.14,0.15
26.48,-1.10,-0.22,0.14
26.48,-1.03,-0.30,0.14
26.49,-0.97,-0.38,0.14
26.49,-0.91,-0.46,0.15
26.49,-0.86,-0.53,0.17
26.49,-0.81,-0.60,0.19
26.50,-0.77,-0.66,0.21
26.50,-0.73,-0.74,0.23
26.50,-0.68,-0.80,0.24
26.50,-0.64,-0.85,0.26
26.51,-0.59,-0.89,0.27
26.51,-0.55,-0.92,0.27
26.51,-0.51,-0.92,0.27
26.51,-0.46,-0.91,0.27
26.52,-0.41,-0.89,0.27
26.52,-0.36,-0.86,0.26
26.52,-0.30,-0.82,0.25
26.52,-0.24,-0.77,0.23
26.53,-0.16,-0.71,0.22
26.53,-0.08,-0.65,0.20
26.53,0.00,-0.56,0.19
26.53,0.09,-0.47,0.17
26.54,0.18,-0.38,0.17
26.54,0.26,-0.28,0.16
26.54,0.33,-0.19,0.14
26.54,0.39,-0.11,0.13
26.55,0.44,-0.04,0.11
26.55,0.47,0.01,0.09
26.55,0.49,0.06,0.07
26.55,0.50,0.10,0.06
26.56,0.51,0.14,0.04
26.56,0.50,0.17,0.02
26.56,0.50,0.20,0.01
26.56,0.49,0.22,-0.01
26.57,0.48,0.23,-0.02
26.57,0.48,0.25,-0.03
26.57,0.47,0.25,-0.04
26.57,0.48,0.25,-0.05
26.58,0.48,0.25,-0.05
26.58,0.50,0.25,-0.05
26.58,0.52,0.24,-0.05
26.58,0.56,0.23,-0.05
26.59,0.59,0.21,-0.05
26.59,0.62,0.20,-0.04
26.59,0.66,0.19,-0.04
26.59,0.70,0.19,-0.04
26.60,0.74,0.19,-0.03
26.60,0.77,0.19,-0.04
26.60,0.80,0.20,-0.04
26.60,0.83,0.21,-0.04
26.61,0.86,0.22,-0.05
26.61,0.89,0.23,-0.06
26.61,0.92,0.25,-0.07
26.61,0.94,0.27,-0.09
26.62,0.96,0.28,-0.10
26.62,0.98,0.29,-0.11
26.62,1.00,0.31,-0.13
26.62,1.02,0.33,-0.15
26.63,1.04,0.35,-0.17
26.63,1.05,0.38,-0.19
26.63,1.06,0.40,-0.21
26.63,1.06,0.41,-0.25
26.64,1.06,0.42,-0.28
26.64,1.06,0.42,-0.31
26.64,1.06,0.42,-0.35
26.64,1.07,0.42,-0.38
26.65,1.08,0.42,-0.40
26.65,1.09,0.42,-0.42
26.65,1.10,0.42,-0.44
26.65,1.13,0.41,-0.47
26.66,1.14,0.41,-0.50
26.66,1.16,0.41,-0.53
26.66,1.18,0.42,-0.55
26.66,1.22,0.43,-0.57
26.67,1.25,0.44,-0.59
26.67,1.29,0.46,-0.61
26.67,1.33,0.49,-0.62
26.67,1.38,0.51,-0.64
26.68,1.43,0.54,-0.65
26.68,1.48,0.56,-0.65
26.68,1.53,0.58,-0.66
26.68,1.58,0.61,-0.67
26.69,1.62,0.62,-0.67
26.69,1.66,0.64,-0.68
26.69,1.68,0.65,-0.69
26.69,1.70,0.66,-0.69
26.70,1.70,0.66,-0.69
26.70,1.70,0.65,-0.68
26.70,1.70,0.64,-0.67
26.70,1.69,0.62,-0.66
26.71,1.67,0.61,-0.65
26.71,1.65,0.58,-0.64
26.71,1.61,0.57,-0.62
26.71,1.58,0.55,-0.60
26.72,1.54,0.53,-0.58
26.72,1.50,0.51,-0.55
26.72,1.45,0.48,-0.53
26.72,1.41,0.46,-0.50
26.73,1.35,0.44,-0.48
26.73,1.29,0.42,-0.44
26.73,1.24,0.41,-0.41
26.73,1.19,0.39,-0.37
26.74,1.13,0.39,-0.33
26.74,1.08,0.37,-0.29
26.74,1.03,0.36,-0.25
26.74,0.98,0.35,-0.21
26.75,0.95,0.35,-0.17
26.75,0.91,0.35,-0.14
26.75,0.88,0.35,-0.09
26.75,0.85,0.36,-0.05
26.76,0.83,0.37,-0.02
26.76,0.81,0.39,0.03
26.76,0.78,0.39,0.09
26.76,0.75,0.40,0.13
26.77,0.72,0.42,0.15
26.77,0.69,0.45,0.17
26.77,0.66,0.47,0.19
26.77,0.64,0.50,0.19
26.78,0.61,0.52,0.20
26.78,0.59,0.53,0.21
26.78,0.57,0.53,0.22
26.78,0.57,0.53,0.22
26.79,0.57,0.52,0.23
26.79,0.57,0.51,0.23
26.79,0.54,0.52,0.24
26.79,0.50,0.53,0.24
26.80,0.46,0.55,0.25
26.80,0.42,0.55,0.26
26.80,0.38,0.53,0.26
26.80,0.35,0.51,0.26
26.81,0.31,0.48,0.26
26.81,0.27,0.43,0.25
26.81,0.24,0.38,0.23
26.81,0.21,0.32,0.22
26.82,0.18,0.26,0.20
26.82,0.16,0.18,0.18
26.82,0.16,0.11,0.15
26.82,0.15,0.03,0.13
26.83,0.16,-0.04,0.11
26.83,0.17,-0.09,0.10
26.83,0.20,-0.14,0.08
26.83,0.23,-0.19,0.07
26.84,0.26,-0.22,0.07
26.84,0.28,-0.23,0.06
26.84,0.30,-0.24,0.04
26.84,0.32,-0.27,0.03
26.85,0.34,-0.30,0.02
26.85,0.33,-0.30,0.01
26.85,0.31,-0.28,0.00
26.85,0.28,-0.26,-0.01
26.86,0.25,-0.23,-0.02
26.86,0.21,-0.20,-0.02
26.86,0.18,-0.18,-0.03
26.86,0.15,-0.15,-0.04
26.87,0.12,-0.13,-0.04
26.87,0.10,-0.10,-0.03
26.87,0.07,-0.07,-0.03
26.87,0.05,-0.05,-0.01
26.88,0.02,-0.03,0.02
26.88,0.00,-0.01,0.04
26.88,-0.03,0.00,0.08
26.88,-0.05,0.00,0.13
26.89,-0.07,-0.01,0.19
26.89,-0.10,-0.02,0.26
26.89,-0.13,-0.03,0.32
26.89,-0.16,-0.02,0.39
26.90,-0.20,0.02,0.46
26.90,-0.25,0.09,0.53
26.90,-0.31,0.19,0.59
26.90,-0.37,0.31,0.65
26.91,-0.45,0.47,0.68
26.91,-0.53,0.63,0.70
26.91,-0.62,0.77,0.70
26.91,-0.69,0.90,0.68
26.92,-0.74,1.00,0.62
26.92,-0.73,1.07,0.54
26.92,-0.68,1.12,0.41
26.92,-0.58,1.10,0.26
26.93,-0.44,1.03,0.08
26.93,-0.27,0.89,-0.11
26.93,-0.10,0.69,-0.31
26.93,0.09,0.45,-0.51
26.94,0.26,0.17,-0.69
26.94,0.41,-0.14,-0.84
26.94,0.53,-0.45,-0.96
26.94,0.62,-0.76,-1.06
26.95,0.67,-1.02,-1.10
26.95,0.68,-1.20,-1.12
26.95,0.62,-1.29,-1.12
26.95,0.51,-1.30,-1.10
26.96,0.36,-1.23,-1.05
26.96,0.17,-1.10,-0.99
26.96,-0.03,-0.94,-0.90
26.96,-0.21,-0.78,-0.80
26.97,-0.39,-0.62,-0.70
26.97,-0.53,-0.49,-0.59
26.97,-0.66,-0.34,-0.48
26.97,-0.74,-0.19,-0.36
26.98,-0.78,-0.05,-0.23
26.98,-0.80,0.10,-0.09
26.98,-0.80,0.22,0.05
26.98,-0.80,0.31,0.17
26.99,-0.80,0.35,0.28
26.99,-0.80,0.38,0.39
26.99,-0.79,0.38,0.48
26.99,-0.77,0.40,0.56
27.00,-0.74,0.44,0.63
27.00,-0.71,0.50,0.67
27.00,-0.64,0.59,0.67
27.00,-0.56,0.71,0.62
27.01,-0.46,0.86,0.53
27.01,-0.37,1.03,0.39
27.01,-0.27,1.20,0.24
27.01,-0.17,1.32,0.11
27.02,-0.06,1.42,0.01
27.02,0.04,1.47,-0.06
27.02,0.14,1.49,-0.10
27.02,0.22,1.47,-0.11
27.03,0.29,1.44,-0.10
27.03,0.34,1.40,-0.08
27.03,0.37,1.36,-0.05
27.03,0.39,1.32,-0.02
27.04,0.38,1.28,0.01
27.04,0.37,1.24,0.02
27.04,0.36,1.21,0.01
27.04,0.32,1.18,-0.01
27.05,0.29,1.16,-0.04
27.05,0.24,1.15,-0.08
27.05,0.21,1.15,-0.14
27.05,0.18,1.14,-0.19
27.06,0.16,1.12,-0.25
27.06,0.15,1.09,-0.29
27.06,0.15,1.06,-0.34
27.06,0.14,1.01,-0.38
27.07,0.14,0.97,-0.43
27.07,0.14,0.93,-0.47
27.07,0.14,0.89,-0.50
27.07,0.13,0.85,-0.54
27.08,0.11,0.80,-0.57
27.08,0.10,0.76,-0.60
27.08,0.08,0.72,-0.63
27.08,0.06,0.68,-0.66
27.09,0.04,0.65,-0.68
27.09,0.03,0.64,-0.69
27.09,0.03,0.63,-0.70
27.09,0.03,0.64,-0.71
27.10,0.05,0.67,-0.70
27.10,0.08,0.70,-0.68
27.10,0.13,0.74,-0.64
27.10,0.19,0.78,-0.60
27.11,0.27,0.82,-0.56
27.11,0.35,0.85,-0.51
27.11,0.44,0.88,-0.46
27.11,0.53,0.91,-0.41
27.12,0.61,0.94,-0.36
27.12,0.70,0.96,-0.31
27.12,0.78,0.99,-0.26
27.12,0.85,1.00,-0.21
27.13,0.91,1.01,-0.17
27.13,0.96,1.00,-0.13
27.13,1.01,0.99,-0.09
27.13,1.05,0.97,-0.06
27.14,1.08,0.94,-0.04
27.14,1.09,0.91,-0.01
27.14,1.10,0.87,0.00
27.14,1.10,0.83,0.01
27.15,1.09,0.77,0.01
27.15,1.07,0.71,0.02
27.15,1.06,0.64,0.02
27.15,1.04,0.58,0.01
27.16,1.01,0.52,0.01
27.16,0.98,0.46,-0.01
27.16,0.96,0.40,-0.02
27.16,0.92,0.35,-0.03
27.17,0.87,0.30,-0.05
27.17,0.84,0.26,-0.06
27.17,0.79,0.22,-0.08
27.17,0.75,0.19,-0.10
27.18,0.70,0.16,-0.12
27.18,0.65,0.14,-0.14
27.18,0.59,0.12,-0.16
27.18,0.54,0.11,-0.18
27.19,0.48,0.11,-0.19
27.19,0.42,0.11,-0.21
27.19,0.36,0.12,-0.23
27.19,0.31,0.13,-0.24
27.20,0.26,0.15,-0.25
27.20,0.21,0.16,-0.25
27.20,0.17,0.18,-0.26
27.20,0.13,0.19,-0.26
27.21,0.10,0.20,-0.26
27.21,0.07,0.22,-0.26
27.21,0.04,0.23,-0.26
27.21,0.02,0.24,-0.25
27.22,0.00,0.26,-0.24
27.22,-0.02,0.27,-0.23
27.22,-0.02,0.28,-0.22
27.22,-0.03,0.29,-0.21
27.23,-0.02,0.30,-0.20
27.23,-0.02,0.30,-0.18
27.23,-0.01,0.29,-0.16
27.23,-0.01,0.26,-0.14
27.24,0.01,0.23,-0.13
27.24,0.02,0.20,-0.11
27.24,0.03,0.15,-0.10
27.24,0.04,0.10,-0.08
27.25,0.05,0.04,-0.06
27.25,0.05,-0.01,-0.06
27.25,0.05,-0.07,-0.05
27.25,0.05,-0.13,-0.04
27.26,0.04,-0.18,-0.03
27.26,0.03,-0.24,-0.02
27.26,0.02,-0.28,-0.02
27.26,0.01,-0.33,-0.01
27.27,0.00,-0.36,0.00
27.27,-0.02,-0.39,0.02
27.27,-0.03,-0.41,0.04
27.27,-0.04,-0.42,0.06
27.28,-0.05,-0.42,0.08
27.28,-0.06,-0.41,0.10
27.28,-0.06,-0.39,0.12
27.28,-0.06,-0.36,0.15
27.29,-0.05,-0.32,0.18
27.29,-0.03,-0.28,0.20
27.29,-0.02,-0.24,0.23
27.29,0.00,-0.19,0.25
27.30,0.03,-0.15,0.29
27.30,0.06,-0.10,0.32
27.30,0.10,-0.04,0.34
27.30,0.14,0.01,0.38
27.31,0.18,0.06,0.41
27.31,0.21,0.12,0.44
27.31,0.26,0.17,0.47
27.31,0.30,0.21,0.50
27.32,0.35,0.24,0.53
27.32,0.39,0.26,0.55
27.32,0.43,0.27,0.58
27.32,0.46,0.27,0.61
27.33,0.50,0.26,0.63
27.33,0.53,0.24,0.65
27.33,0.56,0.20,0.66
27.33,0.59,0.15,0.66
27.34,0.61,0.09,0.67
27.34,0.62,0.03,0.66
27.34,0.63,-0.03,0.64
27.34,0.63,-0.11,0.61
27.35,0.61,-0.17,0.58
27.35,0.59,-0.24,0.54
27.35,0.55,-0.30,0.49
27.35,0.50,-0.35,0.44
27.36,0.44,-0.40,0.39
27.36,0.37,-0.44,0.34
27.36,0.29,-0.48,0.30
27.36,0.21,-0.51,0.25
27.37,0.12,-0.54,0.22
27.37,0.03,-0.56,0.20
27.37,-0.06,-0.58,0.17
27.37,-0.15,-0.61,0.16
27.38,-0.24,-0.64,0.15
27.38,-0.34,-0.67,0.14
27.38,-0.44,-0.70,0.13
27.38,-0.54,-0.73,0.13
27.39,-0.65,-0.76,0.14
27.39,-0.77,-0.79,0.14
27.39,-0.90,-0.84,0.16
27.39,-1.04,-0.89,0.18
27.40,-1.18,-0.95,0.20
27.40,-1.33,-0.99,0.22
27.40,-1.47,-1.02,0.27
27.40,-1.61,-1.04,0.33
27.41,-1.73,-1.03,0.42
27.41,-1.83,-0.98,0.52
27.41,-1.91,-0.89,0.62
27.41,-1.96,-0.77,0.72
27.42,-1.97,-0.62,0.81
27.42,-1.98,-0.46,0.90
27.42,-1.99,-0.31,0.99
27.42,-2.00,-0.20,1.09
27.43,-2.00,-0.13,1.19
27.43,-2.01,-0.10,1.28
27.43,-2.01,-0.13,1.35
27.43,-2.00,-0.21,1.37
27.44,-1.98,-0.34,1.32
27.44,-1.93,-0.49,1.21
27.44,-1.88,-0.65,1.05
27.44,-1.86,-0.80,0.85
27.45,-1.86,-0.94,0.62
27.45,-1.87,-1.06,0.38
27.45,-1.90,-1.18,0.15
27.45,-1.94,-1.27,-0.04
27.46,-1.99,-1.32,-0.19
27.46,-2.05,-1.31,-0.28
27.46,-2.11,-1.28,-0.29
27.46,-2.14,-1.25,-0.24
27.47,-2.16,-1.22,-0.20
27.47,-2.16,-1.17,-0.20
27.47,-2.15,-1.15,-0.23
27.47,-2.12,-1.15,-0.27
27.48,-2.09,-1.18,-0.32
27.48,-2.06,-1.23,-0.37
27.48,-2.04,-1.30,-0.40
27.48,-2.01,-1.38,-0.41
27.49,-1.97,-1.46,-0.40
27.49,-1.94,-1.54,-0.37
27.49,-1.92,-1.61,-0.32
27.49,-1.90,-1.67,-0.25
27.50,-1.88,-1.71,-0.17
27.50,-1.86,-1.73,-0.07
27.50,-1.82,-1.72,0.04
27.50,-1.77,-1.69,0.15
27.51,-1.71,-1.65,0.27
27.51,-1.65,-1.60,0.38
27.51,-1.58,-1.55,0.47
27.51,-1.49,-1.51,0.54
27.52,-1.40,-1.47,0.59
27.52,-1.29,-1.42,0.63
27.52,-1.22,-1.33,0.66
27.52,-1.15,-1.19,0.69
27.53,-1.07,-1.02,0.70
27.53,-0.96,-0.84,0.69
27.53,-0.86,-0.66,0.66
27.53,-0.76,-0.50,0.61
27.54,-0.66,-0.36,0.56
27.54,-0.60,-0.25,0.52
27.54,-0.55,-0.16,0.51
27.54,-0.51,-0.07,0.54
27.55,-0.49,0.02,0.60
27.55,-0.49,0.10,0.67
27.55,-0.51,0.16,0.74
27.55,-0.54,0.20,0.79
27.56,-0.59,0.23,0.82
27.56,-0.64,0.27,0.83
27.56,-0.71,0.31,0.82
27.56,-0.79,0.37,0.80
27.57,-0.90,0.44,0.77
27.57,-1.00,0.45,0.76
27.57,-1.06,0.41,0.76
27.57,-1.12,0.37,0.76
27.58,-1.18,0.31,0.75
27.58,-1.22,0.24,0.72
27.58,-1.26,0.16,0.68
27.58,-1.30,0.06,0.61
27.59,-1.33,-0.07,0.53
27.59,-1.34,-0.22,0.45
27.59,-1.34,-0.36,0.38
27.59,-1.34,-0.49,0.34
27.60,-1.34,-0.61,0.30
27.60,-1.33,-0.71,0.27
27.60,-1.30,-0.80,0.24
27.60,-1.28,-0.88,0.21
27.61,-1.25,-0.94,0.18
27.61,-1.21,-0.98,0.16
27.61,-1.17,-1.00,0.16
27.61,-1.13,-1.01,0.17
27.62,-1.08,-1.02,0.18
27.62,-1.02,-1.02,0.18
27.62,-0.95,-1.00,0.18
27.62,-0.89,-0.96,0.18
27.63,-0.82,-0.91,0.17
27.63,-0.76,-0.86,0.17
27.63,-0.68,-0.79,0.17
27.63,-0.61,-0.70,0.17
27.64,-0.55,-0.62,0.17
27.64,-0.48,-0.54,0.18
27.64,-0.41,-0.45,0.18
27.64,-0.34,-0.37,0.18
27.65,-0.28,-0.30,0.17
27.65,-0.23,-0.23,0.16
27.65,-0.18,-0.18,0.15
27.65,-0.14,-0.14,0.14
27.66,-0.10,-0.11,0.12
27.66,-0.07,-0.09,0.09
27.66,-0.04,-0.08,0.06
27.66,-0.02,-0.08,0.02
27.67,0.00,-0.10,-0.01
27.67,0.02,-0.12,-0.03
27.67,0.04,-0.15,-0.05
27.67,0.05,-0.16,-0.07
27.68,0.07,-0.18,-0.08
27.68,0.10,-0.19,-0.09
27.68,0.12,-0.20,-0.09
27.68,0.14,-0.21,-0.09
27.69,0.16,-0.21,-0.10
27.69,0.17,-0.21,-0.10
27.69,0.20,-0.21,-0.10
27.69,0.21,-0.21,-0.10
27.70,0.23,-0.20,-0.11
27.70,0.25,-0.20,-0.12
27.70,0.25,-0.19,-0.12
27.70,0.27,-0.18,-0.13
27.71,0.28,-0.18,-0.14
27.71,0.28,-0.18,-0.15
27.71,0.30,-0.18,-0.16
27.71,0.30,-0.19,-0.18
27.72,0.31,-0.20,-0.20
27.72,0.32,-0.22,-0.22
27.72,0.33,-0.24,-0.25
27.72,0.33,-0.27,-0.28
27.73,0.33,-0.29,-0.31
27.73,0.33,-0.31,-0.34
27.73,0.33,-0.33,-0.37
27.73,0.33,-0.35,-0.40
27.74,0.33,-0.37,-0.43
27.74,0.32,-0.39,-0.46
27.74,0.33,-0.41,-0.49
27.74,0.33,-0.43,-0.53
27.75,0.33,-0.44,-0.56
27.75,0.34,-0.46,-0.58
27.75,0.34,-0.47,-0.61
27.75,0.34,-0.48,-0.63
27.76,0.34,-0.50,-0.66
27.76,0.35,-0.51,-0.68
27.76,0.35,-0.52,-0.69
27.76,0.36,-0.53,-0.70
27.77,0.36,-0.54,-0.71
27.77,0.36,-0.54,-0.72
27.77,0.37,-0.54,-0.72
27.77,0.36,-0.53,-0.73
27.78,0.36,-0.54,-0.73
27.78,0.37,-0.54,-0.73
27.78,0.37,-0.53,-0.73
27.78,0.37,-0.53,-0.73
27.79,0.37,-0.52,-0.73
27.79,0.38,-0.52,-0.72
27.79,0.38,-0.50,-0.71
27.79,0.39,-0.49,-0.69
27.80,0.40,-0.47,-0.68
27.80,0.41,-0.46,-0.67
27.80,0.43,-0.44,-0.65
27.80,0.44,-0.43,-0.63
27.81,0.46,-0.41,-0.62
27.81,0.48,-0.39,-0.60
27.81,0.51,-0.38,-0.59
27.81,0.55,-0.37,-0.57
27.82,0.58,-0.37,-0.55
27.82,0.62,-0.37,-0.54
27.82,0.66,-0.37,-0.52
27.82,0.69,-0.39,-0.50
27.83,0.73,-0.42,-0.49
27.83,0.77,-0.44,-0.47
27.83,0.81,-0.48,-0.46
27.83,0.84,-0.52,-0.46
27.84,0.88,-0.57,-0.45
27.84,0.91,-0.61,-0.45
27.84,0.95,-0.66,-0.44
27.84,0.99,-0.70,-0.44
27.85,1.02,-0.75,-0.44
27.85,1.05,-0.80,-0.45
27.85,1.08,-0.84,-0.45
27.85,1.10,-0.87,-0.44
27.86,1.12,-0.89,-0.45
27.86,1.13,-0.90,-0.45
27.86,1.15,-0.89,-0.46
27.86,1.16,-0.89,-0.47
27.87,1.17,-0.87,-0.48
27.87,1.17,-0.85,-0.49
27.87,1.17,-0.81,-0.50
27.87,1.17,-0.76,-0.52
27.88,1.16,-0.71,-0.53
27.88,1.16,-0.65,-0.55
27.88,1.14,-0.58,-0.56
27.88,1.13,-0.52,-0.57
27.89,1.12,-0.46,-0.59
27.89,1.11,-0.41,-0.60
27.89,1.10,-0.37,-0.62
27.89,1.08,-0.33,-0.63
27.90,1.06,-0.29,-0.64
27.90,1.04,-0.27,-0.65
27.90,1.02,-0.25,-0.65
27.90,0.98,-0.24,-0.65
27.91,0.95,-0.23,-0.65
27.91,0.92,-0.23,-0.65
27.91,0.88,-0.23,-0.66
27.91,0.84,-0.24,-0.65
27.92,0.80,-0.26,-0.66
27.92,0.76,-0.28,-0.65
27.92,0.72,-0.29,-0.65
27.92,0.67,-0.31,-0.64
27.93,0.62,-0.33,-0.63
27.93,0.57,-0.35,-0.62
27.93,0.53,-0.37,-0.61
27.93,0.48,-0.38,-0.59
27.94,0.44,-0.39,-0.57
27.94,0.39,-0.40,-0.55
27.94,0.35,-0.41,-0.52
27.94,0.31,-0.41,-0.50
27.95,0.28,-0.41,-0.48
27.95,0.25,-0.41,-0.45
27.95,0.22,-0.41,-0.43
27.95,0.18,-0.41,-0.40
27.96,0.15,-0.41,-0.38
27.96,0.12,-0.42,-0.35
27.96,0.10,-0.42,-0.33
27.96,0.07,-0.43,-0.30
27.97,0.03,-0.44,-0.28
27.97,0.01,-0.46,-0.26
27.97,-0.02,-0.48,-0.23
27.97,-0.05,-0.51,-0.21
27.98,-0.08,-0.54,-0.19
27.98,-0.10,-0.58,-0.16
27.98,-0.13,-0.61,-0.13
27.98,-0.17,-0.64,-0.09
27.99,-0.22,-0.65,-0.04
27.99,-0.28,-0.63,0.00
27.99,-0.34,-0.60,0.05
27.99,-0.40,-0.54,0.10
28.00,-0.46,-0.46,0.16
28.00,-0.52,-0.36,0.22
28.00,-0.56,-0.23,0.29
28.00,-0.58,-0.09,0.37
28.01,-0.59,0.04,0.44
28.01,-0.57,0.15,0.50
28.01,-0.54,0.28,0.56
28.01,-0.49,0.40,0.61
28.02,-0.43,0.53,0.66
28.02,-0.36,0.65,0.70
28.02,-0.28,0.74,0.73
28.02,-0.18,0.75,0.75
28.03,-0.06,0.69,0.76
28.03,0.06,0.55,0.75
28.03,0.20,0.33,0.73
28.03,0.33,0.08,0.72
28.04,0.46,-0.20,0.69
28.04,0.57,-0.48,0.66
28.04,0.65,-0.76,0.64
28.04,0.70,-1.03,0.64
28.05,0.72,-1.24,0.66
28.05,0.69,-1.35,0.70
28.05,0.65,-1.39,0.76
28.05,0.60,-1.39,0.81
28.06,0.52,-1.30,0.84
28.06,0.41,-1.17,0.87
28.06,0.27,-1.03,0.88
28.06,0.09,-0.86,0.90
28.07,-0.12,-0.68,0.93
28.07,-0.33,-0.51,0.96
28.07,-0.56,-0.33,1.01
28.07,-0.77,-0.19,1.07
28.08,-0.95,-0.15,1.08
28.08,-1.07,-0.23,1.04
28.08,-1.13,-0.42,0.95
28.08,-1.14,-0.68,0.83
28.09,-1.11,-0.96,0.70
28.09,-1.06,-1.23,0.56
28.09,-1.00,-1.44,0.43
28.09,-0.93,-1.58,0.31
28.10,-0.86,-1.61,0.20
28.10,-0.79,-1.54,0.11
28.10,-0.72,-1.35,0.06
28.10,-0.65,-1.04,0.04
28.11,-0.58,-0.63,0.05
28.11,-0.51,-0.16,0.08
28.11,-0.45,0.31,0.12
28.11,-0.38,0.75,0.15
28.12,-0.29,1.15,0.16
28.12,-0.19,1.47,0.16
28.12,-0.08,1.71,0.13
28.12,0.04,1.86,0.10
28.13,0.15,1.94,0.05
28.13,0.27,1.94,-0.02
28.13,0.40,1.87,-0.11
28.13,0.50,1.76,-0.19
28.14,0.59,1.62,-0.25
28.14,0.65,1.48,-0.29
28.14,0.69,1.35,-0.31
28.14,0.71,1.23,-0.31
28.15,0.72,1.10,-0.31
28.15,0.73,0.97,-0.31
28.15,0.74,0.85,-0.32
28.15,0.75,0.74,-0.33
28.16,0.76,0.63,-0.37
28.16,0.75,0.53,-0.41
28.16,0.74,0.41,-0.45
28.16,0.70,0.29,-0.49
28.17,0.66,0.18,-0.53
28.17,0.60,0.06,-0.56
28.17,0.53,-0.05,-0.58
28.17,0.47,-0.16,-0.61
28.18,0.43,-0.26,-0.62
28.18,0.38,-0.35,-0.61
28.18,0.33,-0.40,-0.61
28.18,0.28,-0.44,-0.59
28.19,0.25,-0.47,-0.57
28.19,0.24,-0.48,-0.55
28.19,0.25,-0.46,-0.53
28.19,0.27,-0.40,-0.53
28.20,0.29,-0.31,-0.52
28.20,0.31,-0.19,-0.51
28.20,0.34,-0.05,-0.50
28.20,0.36,0.12,-0.49
28.21,0.38,0.28,-0.48
28.21,0.41,0.42,-0.47
28.21,0.45,0.56,-0.47
28.21,0.49,0.69,-0.46
28.22,0.53,0.81,-0.44
28.22,0.57,0.92,-0.42
28.22,0.60,1.02,-0.40
28.22,0.63,1.11,-0.37
28.23,0.65,1.18,-0.34
28.23,0.66,1.23,-0.32
28.23,0.66,1.26,-0.30
28.23,0.66,1.27,-0.29
28.24,0.66,1.25,-0.28
28.24,0.65,1.23,-0.28
28.24,0.64,1.19,-0.29
28.24,0.62,1.14,-0.30
28.25,0.60,1.09,-0.32
28.25,0.57,1.03,-0.34
28.25,0.53,0.96,-0.36
28.25,0.50,0.89,-0.39
28.26,0.46,0.83,-0.41
28.26,0.42,0.77,-0.43
28.26,0.38,0.73,-0.45
28.26,0.33,0.69,-0.46
28.27,0.29,0.66,-0.46
28.27,0.26,0.63,-0.46
28.27,0.23,0.61,-0.46
28.27,0.20,0.60,-0.45
28.28,0.18,0.60,-0.44
28.28,0.15,0.60,-0.43
28.28,0.15,0.60,-0.42
28.28,0.14,0.60,-0.41
28.29,0.14,0.60,-0.40
28.29,0.15,0.60,-0.38
28.29,0.15,0.59,-0.36
28.29,0.16,0.59,-0.34
28.30,0.17,0.58,-0.32
28.30,0.19,0.57,-0.30
28.30,0.20,0.57,-0.27
28.30,0.21,0.56,-0.26
28.31,0.22,0.55,-0.23
28.31,0.24,0.54,-0.21
28.31,0.24,0.53,-0.20
28.31,0.25,0.52,-0.19
28.32,0.25,0.50,-0.18
28.32,0.26,0.49,-0.17
28.32,0.25,0.48,-0.15
28.32,0.24,0.46,-0.14
28.33,0.23,0.45,-0.13
28.33,0.22,0.43,-0.12
28.33,0.21,0.42,-0.10
28.33,0.20,0.40,-0.09
28.34,0.18,0.39,-0.08
28.34,0.17,0.37,-0.07
28.34,0.16,0.35,-0.06
28.34,0.15,0.34,-0.05
28.35,0.15,0.33,-0.03
28.35,0.14,0.31,-0.02
28.35,0.14,0.30,-0.01
28.35,0.14,0.29,0.00
28.36,0.15,0.27,0.01
28.36,0.15,0.26,0.02
28.36,0.15,0.25,0.03
28.36,0.15,0.24,0.03
28.37,0.16,0.23,0.03
28.37,0.17,0.21,0.04
28.37,0.18,0.20,0.04
28.37,0.19,0.18,0.04
28.38,0.20,0.16,0.04
28.38,0.22,0.15,0.04
28.38,0.23,0.13,0.03
28.38,0.25,0.11,0.02
28.39,0.27,0.09,0.02
28.39,0.28,0.07,0.01
28.39,0.30,0.04,0.01
28.39,0.32,0.01,0.01
28.40,0.33,-0.03,0.01
28.40,0.35,-0.07,0.02
28.40,0.36,-0.11,0.02
28.40,0.37,-0.15,0.03
28.41,0.37,-0.18,0.04
28.41,0.38,-0.23,0.06
28.41,0.38,-0.26,0.07
28.41,0.37,-0.29,0.09
28.42,0.36,-0.32,0.11
28.42,0.35,-0.35,0.13
28.42,0.34,-0.37,0.16
28.42,0.32,-0.39,0.18
28.43,0.29,-0.41,0.20
28.43,0.26,-0.42,0.22
28.43,0.23,-0.43,0.24
28.43,0.20,-0.44,0.26
28.44,0.17,-0.45,0.29
28.44,0.14,-0.47,0.30
28.44,0.10,-0.48,0.32
28.44,0.08,-0.49,0.34
28.45,0.06,-0.49,0.35
28.45,0.03,-0.50,0.36
28.45,0.01,-0.51,0.37
28.45,-0.01,-0.52,0.37
28.46,-0.03,-0.51,0.38
28.46,-0.04,-0.50,0.38
28.46,-0.05,-0.48,0.38
28.46,-0.07,-0.46,0.37
28.47,-0.09,-0.44,0.37
28.47,-0.11,-0.41,0.36
28.47,-0.12,-0.40,0.35
28.47,-0.13,-0.38,0.35
28.48,-0.15,-0.37,0.35
28.48,-0.16,-0.36,0.34
28.48,-0.17,-0.35,0.34
28.48,-0.19,-0.34,0.33
28.49,-0.21,-0.32,0.31
28.49,-0.23,-0.31,0.29
28.49,-0.25,-0.30,0.28
28.49,-0.28,-0.29,0.26
28.50,-0.30,-0.29,0.24
28.50,-0.32,-0.29,0.22
28.50,-0.33,-0.29,0.19
28.50,-0.35,-0.28,0.16
28.51,-0.37,-0.29,0.13
28.51,-0.38,-0.29,0.10
28.51,-0.40,-0.29,0.07
28.51,-0.41,-0.30,0.04
28.52,-0.42,-0.30,0.02
28.52,-0.43,-0.30,0.00
28.52,-0.43,-0.29,-0.02
28.52,-0.45,-0.28,-0.03
28.53,-0.45,-0.26,-0.03
28.53,-0.46,-0.23,-0.04
28.53,-0.46,-0.21,-0.03
28.53,-0.45,-0.21,-0.03
28.54,-0.44,-0.20,-0.02
28.54,-0.43,-0.19,-0.01
28.54,-0.43,-0.18,0.01
28.54,-0.44,-0.17,0.02
28.55,-0.45,-0.16,0.04
28.55,-0.48,-0.16,0.05
28.55,-0.52,-0.17,0.07
28.55,-0.57,-0.16,0.09
28.56,-0.63,-0.13,0.11
28.56,-0.71,-0.08,0.13
28.56,-0.79,-0.03,0.16
28.56,-0.89,0.02,0.19
28.57,-0.99,0.07,0.23
28.57,-1.08,0.12,0.26
28.57,-1.18,0.17,0.28
28.57,-1.27,0.24,0.29
28.58,-1.35,0.31,0.29
28.58,-1.42,0.37,0.29
28.58,-1.47,0.43,0.29
28.58,-1.52,0.51,0.28
28.59,-1.57,0.59,0.27
28.59,-1.61,0.65,0.26
28.59,-1.65,0.70,0.25
28.59,-1.68,0.74,0.24
28.60,-1.70,0.76,0.24
28.60,-1.72,0.77,0.24
28.60,-1.73,0.76,0.24
28.60,-1.73,0.72,0.24
28.61,-1.71,0.65,0.24
28.61,-1.69,0.55,0.21
28.61,-1.68,0.45,0.16
28.61,-1.66,0.34,0.10
28.62,-1.62,0.18,0.05
28.62,-1.56,0.00,-0.01
28.62,-1.50,-0.16,-0.04
28.62,-1.45,-0.31,-0.07
28.63,-1.40,-0.43,-0.08
28.63,-1.34,-0.53,-0.08
28.63,-1.28,-0.61,-0.05
28.63,-1.22,-0.67,-0.01
28.64,-1.15,-0.72,0.04
28.64,-1.07,-0.77,0.10
28.64,-1.00,-0.79,0.16
28.64,-0.91,-0.78,0.22
28.65,-0.81,-0.74,0.26
28.65,-0.72,-0.65,0.29
28.65,-0.64,-0.54,0.31
28.65,-0.55,-0.40,0.31
28.66,-0.46,-0.27,0.31
28.66,-0.36,-0.16,0.33
28.66,-0.27,-0.07,0.34
28.66,-0.18,0.01,0.35
28.67,-0.09,0.08,0.37
28.67,-0.01,0.14,0.39
28.67,0.07,0.19,0.40
28.67,0.14,0.23,0.41
28.68,0.21,0.26,0.42
28.68,0.27,0.28,0.43
28.68,0.32,0.28,0.44
28.68,0.37,0.27,0.44
28.69,0.42,0.24,0.44
28.69,0.46,0.21,0.44
28.69,0.49,0.17,0.43
28.69,0.51,0.12,0.42
28.70,0.53,0.08,0.41
28.70,0.54,0.03,0.39
28.70,0.54,-0.02,0.37
28.70,0.54,-0.05,0.35
28.71,0.53,-0.08,0.33
28.71,0.52,-0.09,0.30
28.71,0.51,-0.09,0.27
28.71,0.50,-0.08,0.24
28.72,0.48,-0.06,0.21
28.72,0.45,-0.02,0.18
28.72,0.43,0.02,0.16
28.72,0.39,0.06,0.13
28.73,0.36,0.10,0.11
28.73,0.32,0.14,0.09
28.73,0.29,0.18,0.08
28.73,0.26,0.21,0.07
28.74,0.23,0.24,0.06
28.74,0.21,0.27,0.05
28.74,0.19,0.29,0.04
28.74,0.18,0.30,0.05
28.75,0.17,0.31,0.05
28.75,0.16,0.32,0.06
28.75,0.16,0.32,0.06
28.75,0.17,0.33,0.07
28.76,0.18,0.32,0.07
28.76,0.19,0.32,0.08
28.76,0.21,0.31,0.08
28.76,0.23,0.30,0.09
28.77,0.24,0.29,0.09
28.77,0.27,0.28,0.10
28.77,0.29,0.28,0.10
28.77,0.32,0.26,0.10
28.78,0.35,0.25,0.10
28.78,0.38,0.23,0.10
28.78,0.41,0.21,0.10
28.78,0.45,0.19,0.09
28.79,0.48,0.16,0.09
28.79,0.50,0.14,0.09
28.79,0.54,0.11,0.08
28.79,0.57,0.09,0.08
28.80,0.60,0.06,0.07
28.80,0.63,0.02,0.06
28.80,0.65,-0.01,0.04
28.80,0.68,-0.04,0.03
28.81,0.71,-0.07,0.01
28.81,0.73,-0.10,-0.01
28.81,0.75,-0.13,-0.04
28.81,0.77,-0.15,-0.06
28.82,0.79,-0.16,-0.08
28.82,0.81,-0.17,-0.11
28.82,0.83,-0.18,-0.14
28.82,0.85,-0.18,-0.16
28.83,0.87,-0.18,-0.19
28.83,0.89,-0.17,-0.22
28.83,0.92,-0.16,-0.25
28.83,0.94,-0.15,-0.28
28.84,0.95,-0.14,-0.31
28.84,0.97,-0.12,-0.34
28.84,0.99,-0.11,-0.38
28.84,1.00,-0.09,-0.41
28.85,1.01,-0.06,-0.45
28.85,1.02,-0.04,-0.48
28.85,1.02,-0.01,-0.51
28.85,1.02,0.03,-0.54
28.86,1.02,0.07,-0.57
28.86,1.02,0.12,-0.59
28.86,1.02,0.16,-0.61
28.86,1.01,0.21,-0.63
28.87,1.01,0.25,-0.64
28.87,1.01,0.28,-0.66
28.87,1.02,0.32,-0.68
28.87,1.02,0.35,-0.70
28.88,1.03,0.37,-0.71
28.88,1.04,0.39,-0.72
28.88,1.06,0.41,-0.73
28.88,1.07,0.42,-0.72
28.89,1.09,0.42,-0.73
28.89,1.11,0.42,-0.72
28.89,1.14,0.41,-0.71
28.89,1.16,0.40,-0.71
28.90,1.20,0.38,-0.70
28.90,1.23,0.35,-0.68
28.90,1.25,0.33,-0.67
28.90,1.28,0.32,-0.66
28.91,1.31,0.31,-0.64
28.91,1.33,0.30,-0.62
28.91,1.35,0.29,-0.59
28.91,1.36,0.28,-0.56
28.92,1.37,0.28,-0.52
28.92,1.36,0.27,-0.47
28.92,1.33,0.28,-0.42
28.92,1.29,0.28,-0.36
28.93,1.24,0.30,-0.31
28.93,1.18,0.32,-0.24
28.93,1.12,0.33,-0.16
28.93,1.05,0.36,-0.09
28.94,0.99,0.38,0.01
28.94,0.92,0.42,0.11
28.94,0.86,0.48,0.21
28.94,0.80,0.53,0.29
28.95,0.74,0.58,0.36
28.95,0.68,0.64,0.41
28.95,0.61,0.69,0.44
28.95,0.54,0.74,0.46
28.96,0.48,0.78,0.47
28.96,0.42,0.81,0.47
28.96,0.37,0.82,0.47
28.96,0.33,0.82,0.47
28.97,0.31,0.81,0.46
28.97,0.28,0.81,0.46
28.97,0.25,0.79,0.46
28.97,0.23,0.78,0.47
28.98,0.20,0.77,0.47
28.98,0.16,0.76,0.48
28.98,0.13,0.74,0.48
28.98,0.09,0.71,0.49
28.99,0.04,0.67,0.48
28.99,0.00,0.62,0.47
28.99,-0.04,0.55,0.45
28.99,-0.08,0.47,0.42
29.00,-0.13,0.38,0.39
29.00,-0.19,0.30,0.36
29.00,-0.24,0.21,0.32
29.00,-0.29,0.13,0.27
29.01,-0.34,0.04,0.23
29.01,-0.40,-0.05,0.18
29.01,-0.45,-0.13,0.13
29.01,-0.49,-0.20,0.09
29.02,-0.52,-0.26,0.05
29.02,-0.55,-0.30,0.01
29.02,-0.57,-0.34,-0.01
29.02,-0.59,-0.36,-0.03
29.03,-0.61,-0.38,-0.04
29.03,-0.62,-0.39,-0.05
29.03,-0.64,-0.39,-0.05
29.03,-0.65,-0.39,-0.04
29.04,-0.67,-0.39,-0.01
29.04,-0.69,-0.37,0.02
29.04,-0.70,-0.36,0.07
29.04,-0.71,-0.36,0.12
29.05,-0.71,-0.36,0.18
29.05,-0.71,-0.36,0.25
29.05,-0.72,-0.35,0.32
29.05,-0.72,-0.34,0.39
29.06,-0.70,-0.33,0.44
29.06,-0.69,-0.29,0.49
29.06,-0.68,-0.22,0.52
29.06,-0.66,-0.12,0.53
29.07,-0.63,0.04,0.54
29.07,-0.59,0.24,0.52
29.07,-0.56,0.48,0.49
29.07,-0.52,0.74,0.44
29.08,-0.48,1.00,0.36
29.08,-0.44,1.22,0.27
29.08,-0.41,1.37,0.16
29.08,-0.39,1.42,0.05
29.09,-0.38,1.37,-0.06
29.09,-0.37,1.25,-0.18
29.09,-0.36,1.07,-0.30
29.09,-0.34,0.87,-0.42
29.10,-0.32,0.65,-0.53
29.10,-0.30,0.40,-0.62
29.10,-0.30,0.15,-0.70
29.10,-0.32,-0.13,-0.75
29.11,-0.35,-0.41,-0.76
29.11,-0.40,-0.71,-0.72
29.11,-0.46,-1.02,-0.63
29.11,-0.52,-1.30,-0.50
29.12,-0.60,-1.56,-0.35
29.12,-0.66,-1.77,-0.19
29.12,-0.73,-1.94,-0.04
29.12,-0.80,-2.07,0.10
29.13,-0.85,-2.15,0.22
29.13,-0.88,-2.17,0.32
29.13,-0.90,-2.11,0.39
29.13,-0.89,-1.97,0.45
29.14,-0.87,-1.77,0.48
29.14,-0.84,-1.52,0.48
29.14,-0.78,-1.24,0.47
29.14,-0.71,-0.94,0.44
29.15,-0.61,-0.63,0.39
29.15,-0.48,-0.35,0.34
29.15,-0.32,-0.09,0.27
29.15,-0.15,0.14,0.20
29.16,0.02,0.35,0.12
29.16,0.20,0.52,0.06
29.16,0.38,0.67,-0.01
29.16,0.53,0.80,-0.07
29.17,0.66,0.92,-0.11
29.17,0.77,1.02,-0.14
29.17,0.86,1.10,-0.15
29.17,0.91,1.17,-0.15
29.18,0.93,1.22,-0.15
29.18,0.93,1.24,-0.15
29.18,0.91,1.25,-0.14
29.18,0.87,1.24,-0.13
29.19,0.80,1.19,-0.13
29.19,0.73,1.11,-0.13
29.19,0.66,1.01,-0.16
29.19,0.57,0.89,-0.18
29.20,0.48,0.76,-0.22
29.20,0.39,0.64,-0.27
29.20,0.30,0.53,-0.32
29.20,0.21,0.44,-0.37
29.21,0.13,0.38,-0.43
29.21,0.06,0.34,-0.48
29.21,0.00,0.30,-0.54
29.21,-0.05,0.28,-0.59
29.22,-0.10,0.26,-0.64
29.22,-0.15,0.25,-0.69
29.22,-0.21,0.23,-0.73
29.22,-0.27,0.21,-0.76
29.23,-0.33,0.19,-0.78
29.23,-0.39,0.17,-0.81
29.23,-0.46,0.16,-0.83
29.23,-0.52,0.15,-0.84
29.24,-0.57,0.13,-0.87
29.24,-0.61,0.10,-0.88
29.24,-0.62,0.08,-0.89
29.24,-0.61,0.05,-0.89
29.25,-0.57,0.02,-0.89
29.25,-0.51,0.00,-0.88
29.25,-0.43,-0.03,-0.86
29.25,-0.32,-0.04,-0.83
29.26,-0.20,-0.05,-0.79
29.26,-0.07,-0.05,-0.75
29.26,0.06,-0.04,-0.71
29.26,0.19,-0.01,-0.66
29.27,0.31,0.03,-0.61
29.27,0.44,0.08,-0.56
29.27,0.54,0.15,-0.50
29.27,0.65,0.21,-0.45
29.28,0.74,0.29,-0.40
29.28,0.83,0.36,-0.35
29.28,0.90,0.43,-0.31
29.28,0.96,0.48,-0.27
29.29,1.01,0.53,-0.23
29.29,1.05,0.56,-0.20
29.29,1.08,0.58,-0.16
29.29,1.09,0.59,-0.14
29.30,1.11,0.58,-0.12
29.30,1.11,0.55,-0.10
29.30,1.11,0.51,-0.08
29.30,1.10,0.47,-0.07
29.31,1.07,0.43,-0.06
29.31,1.04,0.37,-0.06
29.31,1.01,0.32,-0.06
29.31,0.96,0.26,-0.06
29.32,0.91,0.21,-0.06
29.32,0.86,0.16,-0.07
29.32,0.81,0.11,-0.07
29.32,0.76,0.07,-0.08
29.33,0.71,0.04,-0.09
29.33,0.65,0.00,-0.11
29.33,0.61,-0.02,-0.12
29.33,0.56,-0.04,-0.13
29.34,0.51,-0.05,-0.14
29.34,0.46,-0.06,-0.16
29.34,0.42,-0.06,-0.17
29.34,0.38,-0.06,-0.19
29.35,0.35,-0.05,-0.20
29.35,0.31,-0.04,-0.22
29.35,0.28,-0.03,-0.23
29.35,0.25,-0.03,-0.25
29.36,0.22,-0.02,-0.26
29.36,0.20,-0.01,-0.28
29.36,0.17,-0.01,-0.29
29.36,0.15,0.00,-0.30
29.37,0.12,0.00,-0.30
29.37,0.10,0.00,-0.30
29.37,0.09,-0.01,-0.30
29.37,0.07,-0.01,-0.30
29.38,0.06,-0.02,-0.29
29.38,0.05,-0.02,-0.28
29.38,0.04,-0.02,-0.26
29.38,0.03,-0.02,-0.25
29.39,0.03,-0.02,-0.23
29.39,0.03,-0.02,-0.21
29.39,0.03,-0.01,-0.19
29.39,0.03,-0.01,-0.16
29.40,0.03,-0.01,-0.13
29.40,0.04,-0.01,-0.10
29.40,0.05,-0.01,-0.08
29.40,0.06,-0.01,-0.04
29.41,0.08,0.00,-0.02
29.41,0.10,-0.01,0.00
29.41,0.12,-0.02,0.01
29.41,0.14,-0.03,0.02
29.42,0.17,-0.04,0.03
29.42,0.19,-0.05,0.03
29.42,0.22,-0.06,0.04
29.42,0.25,-0.08,0.04
29.43,0.28,-0.09,0.04
29.43,0.30,-0.12,0.03
29.43,0.32,-0.14,0.03
29.43,0.34,-0.17,0.02
29.44,0.36,-0.19,0.01
29.44,0.37,-0.22,0.00
29.44,0.38,-0.25,-0.01
29.44,0.38,-0.29,-0.02
29.45,0.39,-0.33,-0.04
29.45,0.40,-0.37,-0.06
29.45,0.40,-0.41,-0.07
29.45,0.40,-0.45,-0.09
29.46,0.39,-0.49,-0.10
29.46,0.39,-0.53,-0.11
29.46,0.38,-0.57,-0.11
29.46,0.37,-0.60,-0.12
29.47,0.36,-0.63,-0.12
29.47,0.35,-0.66,-0.11
29.47,0.34,-0.69,-0.10
29.47,0.33,-0.72,-0.08
29.48,0.31,-0.73,-0.07
29.48,0.30,-0.75,-0.06
29.48,0.29,-0.75,-0.05
29.48,0.28,-0.75,-0.03
29.49,0.27,-0.74,-0.01
29.49,0.26,-0.72,0.02
29.49,0.25,-0.69,0.04
29.49,0.25,-0.66,0.06
29.50,0.24,-0.62,0.10
29.50,0.24,-0.57,0.12
29.50,0.24,-0.52,0.15
29.50,0.24,-0.47,0.17
29.51,0.24,-0.40,0.19
29.51,0.24,-0.33,0.20
29.51,0.24,-0.26,0.21
29.51,0.24,-0.19,0.21
29.52,0.24,-0.13,0.20
29.52,0.23,-0.07,0.18
29.52,0.23,-0.02,0.17
29.52,0.22,0.02,0.17
29.53,0.21,0.06,0.16
29.53,0.20,0.08,0.16
29.53,0.18,0.09,0.17
29.53,0.16,0.08,0.17
29.54,0.15,0.08,0.18
29.54,0.14,0.08,0.19
29.54,0.12,0.09,0.20
29.54,0.11,0.10,0.21
29.55,0.09,0.11,0.22
29.55,0.07,0.13,0.24
29.55,0.03,0.15,0.25
29.55,0.00,0.16,0.26
29.56,-0.03,0.17,0.27
29.56,-0.09,0.16,0.27
29.56,-0.15,0.14,0.28
29.56,-0.22,0.11,0.27
29.57,-0.30,0.08,0.27
29.57,-0.40,0.02,0.27
29.57,-0.51,-0.04,0.28
29.57,-0.61,-0.11,0.29
29.58,-0.72,-0.20,0.31
29.58,-0.83,-0.28,0.34
29.58,-0.92,-0.36,0.37
29.58,-1.00,-0.44,0.41
29.59,-1.06,-0.52,0.45
29.59,-1.12,-0.58,0.49
29.59,-1.16,-0.64,0.53
29.59,-1.19,-0.70,0.57
29.60,-1.21,-0.74,0.60
29.60,-1.23,-0.77,0.63
29.60,-1.24,-0.78,0.66
29.60,-1.24,-0.78,0.68
29.61,-1.24,-0.76,0.68
29.61,-1.23,-0.73,0.66
29.61,-1.21,-0.68,0.63
29.61,-1.20,-0.60,0.59
29.62,-1.20,-0.48,0.54
29.62,-1.22,-0.31,0.48
29.62,-1.26,-0.11,0.42
29.62,-1.30,0.10,0.35
29.63,-1.37,0.31,0.28
29.63,-1.44,0.50,0.20
29.63,-1.50,0.64,0.11
29.63,-1.57,0.74,0.02
29.64,-1.63,0.77,-0.06
29.64,-1.67,0.75,-0.14
29.64,-1.71,0.67,-0.20
29.64,-1.73,0.55,-0.25
29.65,-1.75,0.38,-0.28
29.65,-1.78,0.19,-0.27
29.65,-1.82,-0.01,-0.22
29.65,-1.87,-0.21,-0.15
29.66,-1.95,-0.40,-0.07
29.66,-2.03,-0.59,0.01
29.66,-2.10,-0.76,0.07
29.66,-2.15,-0.92,0.13
29.67,-2.18,-1.04,0.17
29.67,-2.18,-1.12,0.19
29.67,-2.15,-1.14,0.20
29.67,-2.11,-1.11,0.21
29.68,-2.05,-1.05,0.22
29.68,-1.97,-0.99,0.24
29.68,-1.88,-0.93,0.26
29.68,-1.77,-0.89,0.27
29.69,-1.62,-0.88,0.28
29.69,-1.48,-0.87,0.30
29.69,-1.34,-0.85,0.33
29.69,-1.21,-0.83,0.38
29.70,-1.08,-0.79,0.42
29.70,-0.94,-0.75,0.46
29.70,-0.79,-0.71,0.50
29.70,-0.65,-0.67,0.52
29.71,-0.51,-0.63,0.54
29.71,-0.36,-0.58,0.54
29.71,-0.21,-0.55,0.53
29.71,-0.06,-0.51,0.52
29.72,0.07,-0.45,0.51
29.72,0.20,-0.41,0.49
29.72,0.31,-0.36,0.49
29.72,0.42,-0.30,0.47
29.73,0.51,-0.24,0.46
29.73,0.60,-0.19,0.44
29.73,0.66,-0.14,0.43
29.73,0.72,-0.09,0.41
29.74,0.75,-0.05,0.39
29.74,0.76,-0.02,0.37
29.74,0.76,0.00,0.33
29.74,0.75,0.01,0.29
29.75,0.73,0.01,0.25
29.75,0.69,0.01,0.22
29.75,0.66,0.01,0.18
29.75,0.63,0.00,0.15
29.76,0.59,-0.02,0.13
29.76,0.55,-0.03,0.10
29.76,0.52,-0.03,0.09
29.76,0.48,-0.04,0.07
29.77,0.45,-0.05,0.06
29.77,0.41,-0.05,0.05
29.77,0.38,-0.05,0.04
29.77,0.34,-0.05,0.02
29.78,0.31,-0.04,0.01
29.78,0.28,-0.05,-0.01
29.78,0.25,-0.06,-0.02
29.78,0.22,-0.08,-0.03
29.79,0.20,-0.10,-0.04
29.79,0.17,-0.13,-0.04
29.79,0.16,-0.16,-0.05
29.79,0.15,-0.20,-0.06
29.80,0.16,-0.25,-0.06
29.80,0.16,-0.29,-0.07
29.80,0.16,-0.34,-0.07
29.80,0.17,-0.38,-0.07
29.81,0.18,-0.42,-0.07
29.81,0.20,-0.47,-0.08
29.81,0.22,-0.51,-0.08
29.81,0.24,-0.55,-0.08
29.82,0.26,-0.59,-0.09
29.82,0.29,-0.63,-0.10
29.82,0.33,-0.67,-0.11
29.82,0.36,-0.70,-0.12
29.83,0.40,-0.73,-0.14
29.83,0.44,-0.75,-0.15
29.83,0.48,-0.76,-0.17
29.83,0.53,-0.76,-0.20
29.84,0.58,-0.75,-0.22
29.84,0.63,-0.74,-0.24
29.84,0.69,-0.72,-0.27
29.84,0.74,-0.69,-0.30
29.85,0.79,-0.66,-0.32
29.85,0.84,-0.62,-0.35
29.85,0.89,-0.59,-0.38
29.85,0.93,-0.55,-0.40
29.86,0.97,-0.50,-0.42
29.86,1.00,-0.45,-0.44
29.86,1.02,-0.40,-0.45
29.86,1.02,-0.34,-0.47
29.87,1.03,-0.28,-0.48
29.87,1.02,-0.22,-0.50
29.87,1.01,-0.16,-0.51
29.87,1.00,-0.12,-0.52
29.88,0.99,-0.08,-0.53
29.88,0.98,-0.05,-0.55
29.88,0.96,-0.02,-0.57
29.88,0.95,0.00,-0.58
29.89,0.93,0.02,-0.60
29.89,0.91,0.04,-0.61
29.89,0.90,0.05,-0.64
29.89,0.88,0.05,-0.66
29.90,0.85,0.05,-0.68
29.90,0.84,0.05,-0.70
29.90,0.83,0.03,-0.72
29.90,0.83,0.02,-0.74
29.91,0.83,-0.01,-0.76
29.91,0.83,-0.03,-0.78
29.91,0.84,-0.06,-0.80
29.91,0.85,-0.08,-0.82
29.92,0.86,-0.10,-0.83
29.92,0.88,-0.11,-0.84
29.92,0.90,-0.12,-0.84
29.92,0.92,-0.13,-0.84
29.93,0.93,-0.12,-0.84
29.93,0.95,-0.12,-0.82
29.93,0.97,-0.10,-0.81
29.93,0.98,-0.08,-0.79
29.94,0.98,-0.06,-0.77
29.94,0.99,-0.02,-0.75
29.94,1.00,0.00,-0.73
29.94,0.99,0.04,-0.71
29.95,0.98,0.07,-0.69
29.95,0.97,0.09,-0.66
29.95,0.95,0.12,-0.64
29.95,0.92,0.14,-0.61
29.96,0.90,0.16,-0.58
29.96,0.86,0.17,-0.54
29.96,0.80,0.18,-0.50
29.96,0.75,0.19,-0.47
29.97,0.68,0.19,-0.43
29.97,0.61,0.19,-0.38
29.97,0.54,0.19,-0.34
29.97,0.46,0.18,-0.30
29.98,0.37,0.17,-0.25
29.98,0.27,0.17,-0.21
29.98,0.18,0.17,-0.16
29.98,0.08,0.17,-0.11
29.99,-0.02,0.17,-0.05
29.99,-0.12,0.18,0.00
29.99,-0.22,0.18,0.06
29.99,-0.32,0.19,0.10
30.00,-0.42,0.19,0.13
30.00,-0.51,0.18,0.17
30.00,-0.61,0.17,0.19
30.00,-0.69,0.14,0.20
30.01,-0.76,0.10,0.23
30.01,-0.83,0.05,0.24
30.01,-0.88,-0.01,0.25
30.01,-0.93,-0.08,0.26
30.02,-0.96,-0.17,0.27
30.02,-0.98,-0.25,0.27
30.02,-0.99,-0.34,0.27
30.02,-0.99,-0.43,0.26
30.03,-0.98,-0.53,0.25
30.03,-0.96,-0.61,0.25
30.03,-0.93,-0.69,0.24
30.03,-0.90,-0.76,0.23
30.04,-0.86,-0.82,0.22
30.04,-0.82,-0.87,0.21
30.04,-0.79,-0.90,0.20
30.04,-0.74,-0.94,0.19
30.05,-0.69,-0.97,0.18
30.05,-0.64,-1.01,0.17
30.05,-0.59,-1.06,0.16
30.05,-0.55,-1.11,0.16
30.06,-0.52,-1.17,0.18
30.06,-0.50,-1.22,0.21
30.06,-0.50,-1.24,0.26
30.06,-0.52,-1.22,0.31
30.07,-0.55,-1.15,0.36
30.07,-0.59,-1.03,0.40
30.07,-0.64,-0.86,0.46
30.07,-0.68,-0.67,0.52
30.08,-0.71,-0.47,0.59
30.08,-0.72,-0.25,0.66
30.08,-0.71,-0.04,0.73
30.08,-0.69,0.20,0.79
30.09,-0.64,0.47,0.84
30.09,-0.57,0.80,0.88
30.09,-0.48,1.16,0.92
30.09,-0.37,1.52,0.94
30.10,-0.25,1.84,0.94
30.10,-0.13,2.04,0.93
30.10,0.01,2.11,0.89
30.10,0.16,2.06,0.82
30.11,0.33,1.91,0.74
30.11,0.50,1.65,0.65
30.11,0.66,1.33,0.57
30.11,0.82,0.94,0.49
30.12,0.97,0.50,0.41
30.12,1.11,0.04,0.33
30.12,1.24,-0.45,0.26
30.12,1.32,-0.92,0.19
30.13,1.37,-1.37,0.13
30.13,1.38,-1.79,0.08
30.13,1.36,-2.19,0.05
30.13,1.30,-2.55,0.05
30.14,1.21,-2.84,0.07
30.14,1.08,-3.04,0.11
30.14,0.91,-3.12,0.17
30.14,0.71,-3.09,0.24
30.15,0.47,-2.91,0.32
30.15,0.21,-2.64,0.40
30.15,-0.04,-2.34,0.45
30.15,-0.24,-2.01,0.45
30.16,-0.43,-1.65,0.43
30.16,-0.54,-1.32,0.39
30.16,-0.58,-1.03,0.34
30.16,-0.57,-0.77,0.27
30.17,-0.52,-0.56,0.18
30.17,-0.44,-0.39,0.10
30.17,-0.34,-0.25,0.02
30.17,-0.23,-0.16,-0.07
30.18,-0.12,-0.09,-0.16
30.18,-0.02,-0.05,-0.26
30.18,0.08,-0.04,-0.35
30.18,0.16,0.00,-0.41
30.19,0.19,0.08,-0.44
30.19,0.19,0.19,-0.41
30.19,0.16,0.35,-0.36
30.19,0.11,0.52,-0.28
30.20,0.05,0.70,-0.19
30.20,-0.01,0.87,-0.11
30.20,-0.07,1.02,-0.05
30.20,-0.12,1.15,0.00
30.21,-0.16,1.27,0.03
30.21,-0.19,1.37,0.04
30.21,-0.22,1.43,0.02
30.21,-0.24,1.49,-0.01
30.22,-0.26,1.56,-0.05
30.22,-0.28,1.63,-0.09
30.22,-0.30,1.69,-0.13
30.22,-0.33,1.72,-0.19
30.23,-0.35,1.74,-0.26
30.23,-0.35,1.75,-0.34
30.23,-0.33,1.73,-0.42
30.23,-0.31,1.69,-0.51
30.24,-0.28,1.62,-0.61
30.24,-0.26,1.50,-0.70
30.24,-0.25,1.35,-0.79
30.24,-0.25,1.15,-0.86
30.25,-0.26,0.95,-0.93
30.25,-0.29,0.73,-0.98
30.25,-0.33,0.53,-1.02
30.25,-0.37,0.35,-1.04
30.26,-0.42,0.21,-1.05
30.26,-0.46,0.12,-1.04
30.26,-0.51,0.09,-1.02
30.26,-0.55,0.09,-0.98
30.27,-0.56,0.12,-0.92
30.27,-0.55,0.17,-0.86
30.27,-0.51,0.22,-0.78
30.27,-0.45,0.29,-0.71
30.28,-0.37,0.36,-0.62
30.28,-0.28,0.44,-0.54
30.28,-0.17,0.53,-0.46
30.28,-0.06,0.63,-0.39
30.29,0.04,0.75,-0.32
30.29,0.15,0.87,-0.25
30.29,0.25,1.00,-0.20
30.29,0.35,1.13,-0.14
30.30,0.44,1.26,-0.09
30.30,0.53,1.40,-0.06
30.30,0.60,1.53,-0.02
30.30,0.67,1.66,0.01
30.31,0.72,1.77,0.02
30.31,0.76,1.88,0.04
30.31,0.79,1.97,0.05
30.31,0.81,2.04,0.06
30.32,0.83,2.08,0.06
30.32,0.83,2.10,0.06
30.32,0.82,2.10,0.05
30.32,0.80,2.07,0.04
30.33,0.76,2.02,0.02
30.33,0.72,1.96,0.01
30.33,0.67,1.87,-0.01
30.34,0.60,1.78,-0.03
30.34,0.53,1.67,-0.06
30.34,0.46,1.56,-0.07
30.34,0.38,1.45,-0.09
30.35,0.30,1.33,-0.11
30.35,0.22,1.23,-0.14
30.35,0.15,1.13,-0.16
30.35,0.09,1.03,-0.18
30.35,0.02,0.94,-0.20
30.36,-0.03,0.87,-0.21
30.36,-0.08,0.82,-0.22
30.36,-0.12,0.77,-0.23
30.36,-0.15,0.74,-0.24
30.37,-0.18,0.73,-0.24
30.37,-0.21,0.72,-0.25
30.37,-0.23,0.72,-0.25
30.37,-0.24,0.72,-0.25
30.38,-0.25,0.73,-0.24
30.38,-0.25,0.74,-0.23
30.38,-0.26,0.77,-0.21
30.38,-0.26,0.80,-0.20
30.39,-0.26,0.82,-0.18
30.39,-0.25,0.83,-0.17
30.39,-0.24,0.83,-0.16
30.39,-0.23,0.82,-0.14
30.40,-0.21,0.81,-0.13
30.40,-0.18,0.79,-0.12
30.40,-0.16,0.76,-0.11
30.40,-0.13,0.74,-0.10
30.41,-0.11,0.73,-0.09
30.41,-0.08,0.71,-0.09
30.41,-0.06,0.69,-0.08
30.41,-0.04,0.69,-0.07
30.42,-0.01,0.68,-0.07
30.42,0.01,0.68,-0.06
30.42,0.03,0.69,-0.06
30.42,0.05,0.69,-0.05
30.43,0.06,0.70,-0.04
30.43,0.08,0.71,-0.03
30.43,0.10,0.72,-0.02
30.43,0.12,0.73,-0.01
30.44,0.13,0.74,0.01
30.44,0.16,0.74,0.02
30.44,0.17,0.75,0.03
30.44,0.18,0.75,0.04
30.45,0.20,0.74,0.06
30.45,0.21,0.74,0.07
30.45,0.22,0.72,0.08
30.45,0.23,0.71,0.10
30.46,0.24,0.69,0.11
30.46,0.24,0.67,0.13
30.46,0.25,0.64,0.14
30.46,0.25,0.62,0.16
30.47,0.25,0.59,0.17
30.47,0.25,0.57,0.19
30.47,0.25,0.54,0.21
30.47,0.25,0.52,0.23
30.48,0.24,0.50,0.25
30.48,0.24,0.48,0.26
30.48,0.23,0.47,0.28
30.48,0.22,0.46,0.30
30.49,0.21,0.46,0.31
30.49,0.20,0.46,0.32
30.49,0.20,0.46,0.33
30.49,0.19,0.47,0.34
30.50,0.18,0.48,0.35
30.50,0.17,0.48,0.35
30.50,0.16,0.48,0.35
30.50,0.15,0.49,0.34
30.51,0.15,0.49,0.34
30.51,0.14,0.50,0.33
30.51,0.13,0.51,0.32
30.51,0.12,0.52,0.31
30.52,0.11,0.53,0.30
30.52,0.11,0.55,0.28
30.52,0.10,0.56,0.27
30.52,0.10,0.58,0.25
30.53,0.09,0.60,0.23
30.53,0.09,0.62,0.21
30.53,0.09,0.64,0.19
30.53,0.08,0.67,0.17
30.54,0.08,0.69,0.15
30.54,0.08,0.72,0.13
30.54,0.08,0.74,0.11
30.54,0.08,0.78,0.09
30.55,0.08,0.81,0.08
30.55,0.08,0.84,0.08
30.55,0.09,0.87,0.07
30.55,0.09,0.89,0.07
30.56,0.09,0.91,0.07
30.56,0.10,0.93,0.07
30.56,0.09,0.94,0.08
30.56,0.09,0.94,0.09
30.57,0.09,0.93,0.10
30.57,0.08,0.92,0.11
30.57,0.07,0.89,0.11
30.57,0.07,0.85,0.11
30.58,0.06,0.81,0.10
30.58,0.05,0.77,0.10
30.58,0.05,0.73,0.09
30.58,0.05,0.68,0.06
30.59,0.05,0.63,0.04
30.59,0.05,0.59,0.02
30.59,0.06,0.55,-0.01
30.59,0.06,0.52,-0.04
30.60,0.07,0.50,-0.06
30.60,0.07,0.48,-0.09
30.60,0.08,0.46,-0.10
30.60,0.08,0.44,-0.11
30.61,0.07,0.42,-0.11
30.61,0.06,0.39,-0.11
30.61,0.04,0.36,-0.11
30.61,0.03,0.33,-0.11
30.62,0.01,0.31,-0.10
30.62,-0.01,0.28,-0.09
30.62,-0.03,0.26,-0.08
30.62,-0.05,0.24,-0.06
30.63,-0.08,0.23,-0.05
30.63,-0.10,0.23,-0.03
30.63,-0.13,0.25,-0.01
30.63,-0.15,0.27,0.01
30.64,-0.18,0.30,0.03
30.64,-0.20,0.32,0.06
30.64,-0.23,0.35,0.08
30.64,-0.25,0.39,0.11
30.65,-0.27,0.43,0.15
30.65,-0.29,0.47,0.18
30.65,-0.31,0.51,0.20
30.65,-0.32,0.53,0.22
30.66,-0.35,0.52,0.23
30.66,-0.37,0.49,0.24
30.66,-0.41,0.43,0.25
30.66,-0.45,0.34,0.28
30.67,-0.49,0.21,0.33
30.67,-0.54,0.07,0.41
30.67,-0.60,-0.09,0.51
30.67,-0.65,-0.28,0.63
30.68,-0.71,-0.46,0.76
30.68,-0.76,-0.64,0.92
30.68,-0.81,-0.81,1.09
30.68,-0.83,-0.94,1.27
30.69,-0.84,-1.01,1.45
30.69,-0.83,-1.02,1.65
30.69,-0.80,-1.00,1.84
30.69,-0.76,-0.98,2.02
30.70,-0.74,-0.97,2.17
30.70,-0.73,-1.00,2.29
30.70,-0.74,-1.04,2.36
30.70,-0.78,-1.10,2.37
30.71,-0.85,-1.19,2.27
30.71,-0.93,-1.29,2.07
30.71,-1.03,-1.37,1.79
30.71,-1.18,-1.39,1.45
30.72,-1.39,-1.27,1.08
30.72,-1.63,-1.04,0.71
30.72,-1.86,-0.70,0.36
30.72,-2.05,-0.35,0.08
30.73,-2.19,-0.06,-0.11
30.73,-2.26,0.11,-0.21
30.73,-2.28,0.17,-0.25
30.73,-2.27,0.14,-0.27
30.74,-2.24,0.04,-0.28
30.74,-2.19,-0.09,-0.28
30.74,-2.13,-0.25,-0.28
30.74,-2.08,-0.44,-0.27
30.75,-2.04,-0.64,-0.26
30.75,-2.00,-0.82,-0.24
30.75,-1.99,-0.95,-0.20
30.75,-1.98,-1.03,-0.14
30.76,-1.98,-1.07,-0.07
30.76,-1.99,-1.07,-0.01
30.76,-1.98,-1.04,0.05
30.76,-1.95,-0.99,0.10
30.77,-1.92,-0.91,0.15
30.77,-1.88,-0.82,0.18
30.77,-1.85,-0.72,0.22
30.77,-1.80,-0.62,0.26
30.78,-1.72,-0.52,0.30
30.78,-1.62,-0.43,0.35
30.78,-1.52,-0.34,0.41
30.78,-1.42,-0.26,0.46
30.79,-1.32,-0.19,0.52
30.79,-1.24,-0.11,0.58
30.79,-1.18,-0.04,0.63
30.79,-1.12,0.00,0.67
30.80,-1.07,0.02,0.70
30.80,-1.05,0.05,0.71
30.80,-1.04,0.07,0.70
30.80,-1.04,0.08,0.70
30.81,-1.04,0.08,0.70
30.81,-1.04,0.07,0.70
30.81,-1.06,0.12,0.70
30.81,-1.13,0.24,0.68
30.82,-1.22,0.36,0.65
30.82,-1.31,0.45,0.60
30.82,-1.41,0.51,0.56
30.82,-1.52,0.51,0.52
30.83,-1.59,0.39,0.49
30.83,-1.64,0.23,0.46
30.83,-1.68,0.04,0.42
30.83,-1.69,-0.20,0.37
30.84,-1.66,-0.46,0.30
30.84,-1.62,-0.72,0.24
30.84,-1.55,-0.97,0.20
30.84,-1.47,-1.19,0.17
30.85,-1.37,-1.38,0.16
30.85,-1.28,-1.51,0.17
30.85,-1.18,-1.60,0.17
30.85,-1.06,-1.65,0.19
30.86,-0.96,-1.68,0.21
30.86,-0.85,-1.67,0.24
30.86,-0.75,-1.64,0.27
30.86,-0.67,-1.59,0.30
30.87,-0.57,-1.53,0.33
30.87,-0.49,-1.47,0.35
30.87,-0.41,-1.40,0.36
30.87,-0.33,-1.34,0.36
30.88,-0.25,-1.26,0.36
30.88,-0.16,-1.17,0.36
30.88,-0.07,-1.09,0.35
30.88,0.03,-1.00,0.35
30.89,0.13,-0.89,0.34
30.89,0.24,-0.79,0.34
30.89,0.34,-0.68,0.34
30.89,0.43,-0.55,0.34
30.90,0.52,-0.43,0.32
30.90,0.59,-0.31,0.30
30.90,0.64,-0.22,0.28
30.90,0.68,-0.14,0.25
30.91,0.71,-0.08,0.22
30.91,0.72,-0.04,0.20
30.91,0.72,-0.02,0.17
30.91,0.72,-0.02,0.14
30.92,0.71,-0.03,0.11
30.92,0.70,-0.04,0.07
30.92,0.68,-0.07,0.05
30.92,0.66,-0.11,0.02
30.93,0.65,-0.15,-0.01
30.93,0.63,-0.19,-0.03
30.93,0.61,-0.24,-0.06
30.93,0.59,-0.29,-0.09
30.94,0.58,-0.35,-0.12
30.94,0.55,-0.41,-0.15
30.94,0.53,-0.46,-0.17
30.94,0.52,-0.51,-0.19
30.95,0.50,-0.55,-0.21
30.95,0.48,-0.57,-0.22
30.95,0.48,-0.59,-0.22
30.95,0.47,-0.59,-0.23
30.96,0.46,-0.59,-0.23
30.96,0.45,-0.58,-0.23
30.96,0.44,-0.56,-0.24
30.96,0.45,-0.54,-0.24
30.97,0.45,-0.52,-0.25
30.97,0.45,-0.49,-0.26
30.97,0.45,-0.46,-0.27
30.97,0.45,-0.43,-0.28
30.98,0.46,-0.40,-0.30
30.98,0.47,-0.37,-0.31
30.98,0.47,-0.34,-0.32
30.98,0.48,-0.31,-0.33
30.99,0.49,-0.29,-0.35
30.99,0.49,-0.26,-0.36
30.99,0.50,-0.25,-0.37
30.99,0.51,-0.23,-0.38
31.00,0.51,-0.21,-0.39
31.00,0.52,-0.20,-0.40
31.00,0.53,-0.19,-0.41
31.00,0.53,-0.18,-0.43
31.01,0.55,-0.18,-0.44
31.01,0.55,-0.17,-0.45
31.01,0.56,-0.17,-0.47
31.01,0.58,-0.16,-0.48
31.02,0.59,-0.16,-0.49
31.02,0.60,-0.16,-0.50
31.02,0.62,-0.15,-0.51
31.02,0.64,-0.15,-0.53
31.03,0.66,-0.15,-0.54
31.03,0.69,-0.14,-0.55
31.03,0.72,-0.14,-0.56
31.03,0.76,-0.13,-0.56
31.04,0.79,-0.12,-0.56
31.04,0.83,-0.10,-0.57
31.04,0.87,-0.06,-0.58
31.04,0.90,-0.03,-0.60
31.05,0.93,0.01,-0.62
31.05,0.96,0.04,-0.63
31.05,0.99,0.07,-0.65
31.05,1.02,0.10,-0.66
31.06,1.04,0.12,-0.67
31.06,1.06,0.14,-0.67
31.06,1.09,0.15,-0.68
31.06,1.11,0.16,-0.68
31.07,1.13,0.16,-0.69
31.07,1.15,0.17,-0.70
31.07,1.17,0.17,-0.70
31.07,1.20,0.17,-0.71
31.08,1.22,0.17,-0.72
31.08,1.25,0.17,-0.73
31.08,1.27,0.17,-0.75
31.08,1.29,0.16,-0.76
31.09,1.31,0.15,-0.76
31.09,1.32,0.14,-0.76
31.09,1.33,0.12,-0.76
31.09,1.33,0.10,-0.75
31.10,1.33,0.08,-0.74
31.10,1.33,0.06,-0.72
31.10,1.32,0.05,-0.70
31.10,1.30,0.03,-0.66
31.11,1.29,0.02,-0.62
31.11,1.26,0.01,-0.57
31.11,1.22,0.00,-0.50
31.11,1.17,-0.01,-0.43
31.12,1.12,-0.01,-0.34
31.12,1.06,-0.02,-0.24
31.12,0.99,-0.02,-0.15
31.12,0.93,-0.01,-0.08
31.13,0.86,-0.01,-0.01
31.13,0.79,0.00,0.04
31.13,0.72,0.02,0.10
31.13,0.64,0.04,0.15
31.14,0.56,0.06,0.18
31.14,0.48,0.09,0.20
31.14,0.41,0.12,0.21
31.14,0.36,0.14,0.21
31.15,0.30,0.16,0.20
31.15,0.24,0.18,0.20
31.15,0.18,0.19,0.20
31.15,0.11,0.21,0.21
31.16,0.04,0.22,0.22
31.16,-0.03,0.23,0.25
31.16,-0.10,0.24,0.27
31.16,-0.17,0.24,0.29
31.17,-0.23,0.22,0.30
31.17,-0.28,0.17,0.31
31.17,-0.31,0.10,0.31
31.17,-0.33,0.01,0.30
31.18,-0.35,-0.09,0.29
31.18,-0.35,-0.19,0.27
31.18,-0.36,-0.29,0.25
31.18,-0.35,-0.37,0.24
31.19,-0.34,-0.45,0.22
31.19,-0.33,-0.51,0.22
31.19,-0.32,-0.56,0.22
31.19,-0.31,-0.59,0.21
31.20,-0.30,-0.62,0.21
31.20,-0.29,-0.64,0.20
31.20,-0.28,-0.66,0.19
31.20,-0.27,-0.69,0.18
31.21,-0.26,-0.74,0.17
31.21,-0.23,-0.81,0.15
31.21,-0.21,-0.87,0.14
31.21,-0.20,-0.91,0.13
31.22,-0.20,-0.94,0.13
31.22,-0.20,-0.96,0.13
31.22,-0.22,-0.94,0.15
31.22,-0.25,-0.87,0.19
31.23,-0.30,-0.77,0.23
31.23,-0.35,-0.65,0.29
31.23,-0.42,-0.51,0.35
31.23,-0.48,-0.38,0.43
31.24,-0.54,-0.23,0.50
31.24,-0.60,-0.09,0.56
31.24,-0.64,0.05,0.61
31.24,-0.68,0.19,0.65
31.25,-0.70,0.31,0.68
31.25,-0.73,0.45,0.69
31.25,-0.75,0.58,0.70
31.25,-0.77,0.73,0.69
31.26,-0.78,0.88,0.65
31.26,-0.78,1.04,0.60
31.26,-0.78,1.19,0.53
31.26,-0.77,1.31,0.47
31.27,-0.77,1.39,0.41
31.27,-0.76,1.42,0.36
31.27,-0.75,1.41,0.31
31.27,-0.73,1.34,0.27
31.28,-0.69,1.24,0.22
31.28,-0.65,1.09,0.18
31.28,-0.60,0.88,0.14
31.28,-0.56,0.62,0.10
31.29,-0.52,0.32,0.06
31.29,-0.51,0.01,0.03
31.29,-0.51,-0.27,0.01
31.29,-0.55,-0.50,0.00
31.30,-0.60,-0.68,0.01
31.30,-0.66,-0.81,0.02
31.30,-0.73,-0.91,0.04
31.30,-0.79,-0.98,0.08
31.31,-0.83,-1.03,0.12
31.31,-0.86,-1.07,0.17
31.31,-0.88,-1.10,0.21
31.31,-0.87,-1.13,0.25
31.32,-0.84,-1.17,0.28
31.32,-0.79,-1.20,0.29
31.32,-0.73,-1.22,0.28
31.32,-0.64,-1.21,0.27
31.33,-0.56,-1.14,0.24
31.33,-0.48,-1.03,0.22
31.33,-0.38,-0.89,0.19
31.33,-0.27,-0.72,0.15
31.34,-0.15,-0.52,0.11
31.34,-0.03,-0.29,0.08
31.34,0.10,-0.03,0.04
31.34,0.21,0.26,0.01
31.35,0.32,0.57,-0.02
31.35,0.41,0.90,-0.03
31.35,0.49,1.23,-0.03
31.35,0.55,1.54,-0.01
31.36,0.61,1.80,0.01
31.36,0.66,2.01,0.03
31.36,0.71,2.16,0.05
31.36,0.75,2.28,0.04
31.37,0.78,2.35,0.03
31.37,0.78,2.40,-0.01
31.37,0.78,2.41,-0.05
31.37,0.74,2.40,-0.09
31.38,0.68,2.36,-0.15
31.38,0.61,2.30,-0.21
31.38,0.52,2.23,-0.26
31.38,0.41,2.13,-0.31
31.39,0.30,2.02,-0.36
31.39,0.19,1.89,-0.41
31.39,0.08,1.75,-0.46
31.39,-0.02,1.60,-0.51
31.40,-0.12,1.45,-0.55
31.40,-0.21,1.29,-0.61
31.40,-0.29,1.12,-0.66
31.40,-0.36,0.94,-0.71
31.41,-0.42,0.76,-0.75
31.41,-0.46,0.60,-0.78
31.41,-0.50,0.43,-0.80
31.41,-0.51,0.26,-0.81
31.42,-0.50,0.11,-0.81
31.42,-0.48,-0.02,-0.81
31.42,-0.44,-0.12,-0.80
31.42,-0.40,-0.18,-0.79
31.43,-0.34,-0.22,-0.77
31.43,-0.27,-0.23,-0.76
31.43,-0.19,-0.22,-0.74
31.43,-0.12,-0.19,-0.72
31.44,-0.03,-0.15,-0.71
31.44,0.07,-0.10,-0.69
31.44,0.17,-0.04,-0.68
31.44,0.27,0.04,-0.66
31.45,0.37,0.13,-0.63
31.45,0.47,0.23,-0.60
31.45,0.58,0.33,-0.57
31.45,0.67,0.44,-0.53
31.46,0.77,0.55,-0.49
31.46,0.85,0.65,-0.46
31.46,0.93,0.76,-0.43
31.46,1.00,0.87,-0.39
31.47,1.06,0.97,-0.36
31.47,1.12,1.06,-0.33
31.47,1.17,1.16,-0.31
31.47,1.21,1.24,-0.28
31.48,1.24,1.31,-0.25
31.48,1.27,1.38,-0.23
31.48,1.28,1.43,-0.21
31.48,1.29,1.48,-0.18
31.49,1.30,1.52,-0.16
31.49,1.29,1.54,-0.13
31.49,1.27,1.56,-0.11
31.49,1.24,1.56,-0.09
31.50,1.20,1.55,-0.07
31.50,1.16,1.52,-0.05
31.50,1.11,1.48,-0.04
31.50,1.04,1.43,-0.02
31.51,0.97,1.37,-0.01
31.51,0.90,1.29,-0.01
31.51,0.81,1.21,-0.01
31.51,0.72,1.12,-0.01
31.52,0.63,1.03,-0.01
31.52,0.54,0.95,-0.02
31.52,0.45,0.87,-0.02
31.52,0.36,0.79,-0.03
31.53,0.28,0.71,-0.04
31.53,0.20,0.63,-0.05
31.53,0.13,0.55,-0.06
31.53,0.06,0.48,-0.05
31.54,0.00,0.41,-0.05
31.54,-0.04,0.34,-0.05
31.54,-0.09,0.28,-0.04
31.54,-0.13,0.23,-0.04
31.55,-0.16,0.18,-0.03
31.55,-0.19,0.13,-0.02
31.55,-0.22,0.09,0.00
31.55,-0.23,0.06,0.01
31.56,-0.24,0.04,0.02
31.56,-0.25,0.03,0.03
31.56,-0.26,0.04,0.05
31.56,-0.26,0.05,0.06
31.57,-0.25,0.06,0.08
31.57,-0.24,0.08,0.09
31.57,-0.22,0.11,0.10
31.57,-0.20,0.13,0.11
31.58,-0.18,0.15,0.13
31.58,-0.15,0.17,0.13
31.58,-0.12,0.19,0.14
31.58,-0.08,0.21,0.14
31.59,-0.04,0.21,0.14
31.59,0.00,0.22,0.14
31.59,0.05,0.22,0.14
31.59,0.09,0.22,0.14
31.60,0.14,0.22,0.13
31.60,0.18,0.23,0.13
31.60,0.23,0.23,0.12
31.60,0.27,0.24,0.12
31.61,0.31,0.24,0.11
31.61,0.35,0.24,0.11
31.61,0.40,0.23,0.11
31.61,0.45,0.22,0.11
31.62,0.50,0.21,0.10
31.62,0.56,0.20,0.10
31.62,0.61,0.20,0.10
31.62,0.66,0.20,0.10
31.63,0.70,0.20,0.10
31.63,0.74,0.21,0.11
31.63,0.78,0.22,0.11
31.63,0.82,0.22,0.11
31.64,0.85,0.22,0.11
31.64,0.88,0.20,0.11
31.64,0.91,0.18,0.10
31.64,0.93,0.16,0.10
31.65,0.94,0.13,0.10
31.65,0.95,0.11,0.09
31.65,0.95,0.10,0.07
31.65,0.94,0.10,0.06
31.66,0.92,0.10,0.05
31.66,0.90,0.09,0.04
31.66,0.87,0.09,0.02
31.66,0.83,0.08,0.00
31.67,0.79,0.07,-0.01
31.67,0.76,0.06,-0.04
31.67,0.72,0.05,-0.06
31.67,0.69,0.05,-0.08
31.68,0.65,0.05,-0.10
31.68,0.61,0.05,-0.12
31.68,0.57,0.05,-0.14
31.68,0.53,0.06,-0.16
31.69,0.49,0.06,-0.18
31.69,0.46,0.07,-0.19
31.69,0.42,0.07,-0.20
31.69,0.39,0.07,-0.21
31.70,0.36,0.06,-0.22
31.70,0.33,0.05,-0.24
31.70,0.31,0.05,-0.25
31.70,0.29,0.06,-0.26
31.71,0.28,0.05,-0.26
31.71,0.26,0.05,-0.27
31.71,0.25,0.04,-0.27
31.71,0.24,0.04,-0.28
31.72,0.23,0.04,-0.28
31.72,0.22,0.04,-0.28
31.72,0.22,0.03,-0.29
31.72,0.21,0.02,-0.29
31.73,0.21,0.02,-0.30
31.73,0.21,0.01,-0.30
31.73,0.21,0.00,-0.31
31.73,0.21,-0.01,-0.31
31.74,0.21,-0.01,-0.31
31.74,0.21,-0.02,-0.32
31.74,0.21,-0.02,-0.32
31.74,0.22,-0.02,-0.32
31.75,0.22,-0.02,-0.31
31.75,0.22,-0.02,-0.31
31.75,0.22,-0.01,-0.30
31.75,0.22,-0.01,-0.29
31.76,0.22,0.00,-0.29
31.76,0.23,0.01,-0.28
31.76,0.23,0.02,-0.26
31.76,0.23,0.03,-0.25
31.77,0.24,0.05,-0.24
31.77,0.24,0.06,-0.22
31.77,0.24,0.07,-0.21
31.77,0.24,0.08,-0.20
31.78,0.23,0.10,-0.19
31.78,0.24,0.11,-0.18
31.78,0.24,0.12,-0.17
31.78,0.24,0.13,-0.16
31.79,0.24,0.13,-0.15
31.79,0.24,0.15,-0.14
31.79,0.24,0.16,-0.14
31.79,0.24,0.17,-0.13
31.80,0.23,0.19,-0.12
31.80,0.23,0.21,-0.12
31.80,0.23,0.22,-0.11
31.80,0.23,0.22,-0.11
31.81,0.23,0.23,-0.10
31.81,0.23,0.24,-0.10
31.81,0.22,0.24,-0.09
31.81,0.23,0.25,-0.09
31.82,0.22,0.26,-0.09
31.82,0.23,0.27,-0.09
31.82,0.23,0.27,-0.09
31.82,0.23,0.28,-0.09
31.83,0.23,0.28,-0.08
31.83,0.24,0.29,-0.08
31.83,0.24,0.29,-0.08
31.83,0.25,0.30,-0.08
31.84,0.25,0.30,-0.07
31.84,0.25,0.31,-0.07
31.84,0.25,0.31,-0.07
31.84,0.25,0.32,-0.07
31.85,0.26,0.31,-0.07
31.85,0.26,0.31,-0.07
31.85,0.26,0.31,-0.07
31.85,0.27,0.31,-0.07
31.86,0.27,0.30,-0.06
31.86,0.28,0.30,-0.06
31.86,0.28,0.29,-0.06
31.86,0.28,0.28,-0.05
31.87,0.29,0.27,-0.05
31.87,0.29,0.26,-0.05
31.87,0.30,0.24,-0.04
31.87,0.31,0.23,-0.03
31.88,0.31,0.21,-0.02
31.88,0.32,0.20,-0.02
31.88,0.33,0.19,-0.01
31.88,0.33,0.18,-0.01
31.89,0.33,0.17,-0.01
31.89,0.34,0.16,-0.01
31.89,0.35,0.15,-0.01
31.89,0.35,0.14,-0.01
31.90,0.35,0.13,-0.01
31.90,0.36,0.13,-0.01
31.90,0.36,0.12,-0.02
31.90,0.36,0.11,-0.02
31.91,0.36,0.11,-0.02
31.91,0.35,0.12,-0.03
31.91,0.35,0.12,-0.04
31.91,0.34,0.13,-0.05
31.92,0.32,0.13,-0.06
31.92,0.30,0.13,-0.06
31.92,0.29,0.13,-0.07
31.92,0.26,0.12,-0.07
31.93,0.24,0.12,-0.07
31.93,0.22,0.12,-0.07
31.93,0.20,0.13,-0.07
31.93,0.18,0.13,-0.07
31.94,0.16,0.14,-0.06
31.94,0.13,0.14,-0.06
31.94,0.11,0.15,-0.06
31.94,0.09,0.17,-0.05
31.95,0.07,0.19,-0.05
31.95,0.05,0.20,-0.05
31.95,0.03,0.22,-0.04
31.95,0.02,0.23,-0.04
31.96,0.00,0.24,-0.03
31.96,-0.02,0.26,-0.03
31.96,-0.03,0.27,-0.03
31.96,-0.04,0.28,-0.03
31.97,-0.06,0.28,-0.03
31.97,-0.08,0.29,-0.03
31.97,-0.09,0.29,-0.03
31.97,-0.11,0.28,-0.04
31.98,-0.12,0.27,-0.04
31.98,-0.14,0.25,-0.04
31.98,-0.14,0.24,-0.04
31.98,-0.15,0.22,-0.04
31.99,-0.16,0.20,-0.04
31.99,-0.17,0.18,-0.04
31.99,-0.18,0.17,-0.04
31.99,-0.19,0.15,-0.04
32.00,-0.19,0.14,-0.04
32.00,-0.20,0.13,-0.04
32.00,-0.20,0.11,-0.04
32.00,-0.21,0.11,-0.04
32.01,-0.21,0.10,-0.04
32.01,-0.21,0.09,-0.04
32.01,-0.21,0.09,-0.03
32.01,-0.20,0.08,-0.03
32.02,-0.20,0.07,-0.03
32.02,-0.20,0.07,-0.02
32.02,-0.19,0.07,-0.02
32.02,-0.18,0.06,-0.02
32.03,-0.17,0.06,-0.02
32.03,-0.16,0.05,-0.02
32.03,-0.16,0.05,-0.01
32.03,-0.15,0.05,-0.01
32.04,-0.14,0.05,-0.01
32.04,-0.13,0.06,-0.01
32.04,-0.12,0.06,-0.01
32.04,-0.11,0.06,-0.01
32.05,-0.10,0.07,0.00
32.05,-0.09,0.07,0.00
32.05,-0.08,0.07,0.00
32.05,-0.07,0.08,0.00
32.06,-0.06,0.08,0.00
32.06,-0.05,0.08,0.00
32.06,-0.05,0.08,0.00
32.06,-0.04,0.08,0.00
32.07,-0.03,0.08,0.01
32.07,-0.02,0.07,0.01
32.07,-0.02,0.07,0.01
32.07,-0.01,0.07,0.01
32.08,0.00,0.06,0.01
32.08,0.00,0.06,0.01
32.08,0.01,0.05,0.01
32.08,0.02,0.04,0.01
32.09,0.03,0.04,0.01
32.09,0.04,0.03,0.01
32.09,0.05,0.02,0.01
32.09,0.06,0.01,0.00
32.10,0.07,0.01,0.01
32.10,0.08,0.00,0.00
32.10,0.09,-0.01,0.00
32.10,0.10,-0.02,0.00
32.11,0.11,-0.03,-0.01
32.11,0.11,-0.04,-0.01
32.11,0.11,-0.05,-0.01
32.11,0.12,-0.06,-0.02
32.12,0.12,-0.07,-0.02
32.12,0.11,-0.07,-0.02
32.12,0.11,-0.08,-0.02
32.12,0.11,-0.09,-0.02
32.13,0.11,-0.09,-0.01
32.13,0.11,-0.10,-0.01
32.13,0.10,-0.11,-0.01
32.13,0.09,-0.11,-0.01
32.14,0.09,-0.12,-0.01
32.14,0.09,-0.12,-0.01
32.14,0.08,-0.13,0.00
32.15,0.08,-0.14,-0.01
32.15,0.08,-0.14,0.00
32.15,0.07,-0.15,0.00
32.15,0.06,-0.15,0.00
32.16,0.06,-0.16,0.00
32.16,0.06,-0.16,0.00
32.16,0.06,-0.17,0.00
32.16,0.05,-0.17,0.00
32.17,0.05,-0.17,0.00
32.17,0.05,-0.17,0.00
32.17,0.05,-0.17,0.01
32.17,0.05,-0.17,0.02
32.18,0.05,-0.17,0.02
32.18,0.04,-0.16,0.02
32.18,0.04,-0.15,0.02
32.18,0.04,-0.14,0.02
32.19,0.04,-0.13,0.02
32.19,0.04,-0.13,0.02
32.19,0.04,-0.12,0.02
32.19,0.04,-0.12,0.03
32.20,0.04,-0.12,0.04
32.20,0.03,-0.12,0.04
32.20,0.04,-0.12,0.04
32.20,0.04,-0.12,0.04
32.21,0.03,-0.12,0.04
32.21,0.04,-0.12,0.04
32.21,0.04,-0.12,0.04
32.21,0.04,-0.13,0.03
32.22,0.04,-0.14,0.04
32.22,0.05,-0.15,0.03
32.22,0.05,-0.16,0.03
32.22,0.05,-0.17,0.03
32.23,0.06,-0.18,0.03
32.23,0.06,-0.19,0.03
32.23,0.07,-0.19,0.02
32.23,0.08,-0.20,0.02
32.24,0.09,-0.21,0.01
32.24,0.09,-0.22,0.01
32.24,0.10,-0.23,0.01
32.24,0.10,-0.23,0.01
32.25,0.11,-0.24,0.01
32.25,0.11,-0.24,0.01
32.25,0.11,-0.25,0.00
32.25,0.11,-0.25,0.00
32.26,0.12,-0.26,0.00
32.26,0.12,-0.27,0.00
32.26,0.12,-0.27,0.00
32.26,0.11,-0.27,-0.01
32.27,0.11,-0.27,-0.01
32.27,0.12,-0.28,-0.01
32.27,0.11,-0.28,-0.01
32.27,0.11,-0.28,-0.01
32.28,0.10,-0.28,0.00
32.28,0.10,-0.27,0.00
32.28,0.10,-0.27,0.00
32.28,0.09,-0.27,0.00
32.29,0.09,-0.27,0.00
32.29,0.09,-0.27,0.01
32.29,0.08,-0.27,0.01
32.29,0.08,-0.27,0.01
32.30,0.07,-0.27,0.01
32.30,0.06,-0.27,0.01
32.30,0.06,-0.27,0.01
32.30,0.05,-0.27,0.02
32.31,0.05,-0.27,0.02
32.31,0.04,-0.27,0.03
32.31,0.04,-0.27,0.03
32.31,0.04,-0.27,0.03
32.32,0.03,-0.27,0.03
32.32,0.03,-0.26,0.03
32.32,0.03,-0.26,0.03
32.32,0.03,-0.26,0.03
32.33,0.03,-0.26,0.03
32.33,0.03,-0.26,0.03
32.33,0.02,-0.26,0.03
32.33,0.02,-0.27,0.03
32.34,0.02,-0.27,0.03
32.34,0.02,-0.27,0.03
32.34,0.02,-0.28,0.03
32.34,0.02,-0.28,0.03
32.35,0.02,-0.29,0.03
32.35,0.02,-0.29,0.03
32.35,0.02,-0.30,0.03
32.35,0.02,-0.30,0.03
32.36,0.02,-0.31,0.03
32.36,0.03,-0.31,0.03
32.36,0.03,-0.32,0.02
32.36,0.03,-0.32,0.03
32.37,0.03,-0.32,0.03
32.37,0.04,-0.32,0.02
32.37,0.04,-0.32,0.02
32.37,0.04,-0.32,0.02
32.38,0.04,-0.32,0.01
32.38,0.04,-0.31,0.01
32.38,0.04,-0.31,0.01
32.38,0.03,-0.30,0.01
32.39,0.03,-0.30,0.01
32.39,0.02,-0.29,0.00
32.39,0.02,-0.29,0.00
32.39,0.01,-0.27,0.00
32.40,0.01,-0.26,0.00
32.40,0.00,-0.25,0.01
32.40,-0.01,-0.23,0.01
32.40,-0.02,-0.22,0.01
32.41,-0.02,-0.21,0.01
32.41,-0.03,-0.19,0.01
32.41,-0.03,-0.18,0.01
32.41,-0.04,-0.16,0.01
32.42,-0.04,-0.15,0.01
32.42,-0.05,-0.14,0.01
32.42,-0.05,-0.13,0.01
32.42,-0.05,-0.12,0.01
32.43,-0.06,-0.11,0.01
32.43,-0.06,-0.09,0.01
32.43,-0.06,-0.08,0.01
32.43,-0.07,-0.08,0.01
32.44,-0.07,-0.07,0.01
32.44,-0.07,-0.06,0.01
32.44,-0.07,-0.05,0.01
32.44,-0.07,-0.05,0.01
32.45,-0.07,-0.04,0.01
32.45,-0.07,-0.03,0.01
32.45,-0.07,-0.03,0.01
32.45,-0.06,-0.02,0.01
32.46,-0.06,-0.01,0.02
32.46,-0.06,-0.01,0.02
32.46,-0.05,0.00,0.02
32.46,-0.05,0.00,0.02
32.47,-0.04,0.00,0.02
32.47,-0.04,0.01,0.02
32.47,-0.04,0.01,0.01
32.47,-0.03,0.00,0.02
32.48,-0.03,0.00,0.01
32.48,-0.03,0.00,0.01
32.48,-0.02,0.00,0.01
32.48,-0.02,-0.01,0.01
32.49,-0.02,-0.01,0.01
32.49,-0.02,-0.02,0.00
32.49,-0.01,-0.02,0.00
32.49,-0.01,-0.02,0.00
32.50,-0.01,-0.03,0.00
32.50,-0.01,-0.03,0.00
32.50,-0.01,-0.03,0.00
32.50,-0.01,-0.03,-0.01
32.51,-0.01,-0.03,-0.01
32.51,-0.01,-0.04,-0.01
32.51,0.00,-0.04,-0.01
32.51,0.00,-0.05,-0.01
32.52,0.00,-0.05,-0.01
32.52,0.00,-0.05,-0.01
32.52,0.00,-0.05,-0.01
32.52,0.00,-0.04,-0.01
32.53,0.00,-0.04,-0.01
32.53,0.00,-0.04,-0.01
32.53,0.00,-0.04,0.00
32.53,0.00,-0.03,0.00
32.54,0.00,-0.02,0.00
32.54,0.00,-0.02,0.01
32.54,0.00,-0.02,0.01
32.54,0.01,-0.02,0.01
32.55,0.01,-0.02,0.02
32.55,0.01,-0.02,0.02
32.55,0.01,-0.01,0.02
32.55,0.01,-0.01,0.02
32.56,0.01,0.00,0.03
32.56,0.01,0.00,0.03
32.56,0.02,0.00,0.03
32.56,0.02,0.00,0.03
32.57,0.03,0.00,0.03
32.57,0.03,0.00,0.04
32.57,0.03,0.01,0.04
32.57,0.03,0.01,0.03
32.58,0.03,0.02,0.03
32.58,0.04,0.02,0.04
32.58,0.04,0.02,0.03
32.58,0.04,0.02,0.04
32.59,0.04,0.02,0.03
32.59,0.05,0.03,0.03
32.59,0.05,0.03,0.03
32.59,0.04,0.03,0.04
32.60,0.05,0.03,0.03
32.60,0.05,0.03,0.03
32.60,0.04,0.04,0.03
32.60,0.04,0.03,0.03
32.61,0.04,0.03,0.03
32.61,0.04,0.03,0.03
32.61,0.04,0.03,0.03
32.61,0.04,0.02,0.03
32.62,0.03,0.02,0.03
32.62,0.03,0.01,0.03
32.62,0.03,0.00,0.03
32.62,0.03,0.00,0.03
32.63,0.03,0.00,0.03
32.63,0.03,0.00,0.03
32.63,0.02,-0.01,0.03
32.63,0.03,-0.01,0.04
32.64,0.03,-0.02,0.04
32.64,0.02,-0.03,0.03
32.64,0.02,-0.03,0.03
32.64,0.02,-0.03,0.03
32.65,0.02,-0.04,0.03
32.65,0.01,-0.05,0.03
32.65,0.01,-0.05,0.03
32.65,0.01,-0.06,0.03
32.66,0.01,-0.06,0.02
32.66,0.01,-0.07,0.02
32.66,0.01,-0.07,0.02
32.66,0.01,-0.07,0.02
32.67,0.00,-0.07,0.02
32.67,0.00,-0.07,0.01
32.67,-0.01,-0.07,0.01
32.67,-0.01,-0.07,0.01
32.68,-0.02,-0.06,0.02
32.68,-0.02,-0.06,0.01
32.68,-0.03,-0.06,0.01
32.68,-0.04,-0.06,0.02
32.69,-0.04,-0.06,0.02
32.69,-0.05,-0.06,0.02
32.69,-0.05,-0.06,0.02
32.69,-0.05,-0.06,0.03
32.70,-0.05,-0.06,0.03
32.70,-0.06,-0.06,0.03
32.70,-0.06,-0.06,0.03
32.70,-0.07,-0.06,0.03
32.71,-0.07,-0.06,0.03
32.71,-0.07,-0.06,0.03
32.71,-0.06,-0.06,0.03
32.71,-0.06,-0.07,0.03
32.72,-0.06,-0.06,0.02
32.72,-0.05,-0.06,0.02
32.72,-0.05,-0.06,0.02
32.72,-0.05,-0.06,0.01
32.73,-0.05,-0.07,0.01
32.73,-0.04,-0.07,0.01
32.73,-0.04,-0.07,0.01
32.73,-0.04,-0.08,0.00
32.74,-0.04,-0.08,0.00
32.74,-0.04,-0.08,-0.01
32.74,-0.03,-0.07,-0.01
32.74,-0.03,-0.07,-0.01
32.75,-0.03,-0.07,-0.01
32.75,-0.03,-0.07,-0.02
32.75,-0.02,-0.07,-0.02
32.75,-0.02,-0.06,-0.02
32.76,-0.02,-0.06,-0.02
32.76,-0.01,-0.05,-0.03
32.76,-0.01,-0.05,-0.03
32.76,-0.01,-0.05,-0.03
32.77,0.00,-0.04,-0.03
32.77,0.00,-0.03,-0.03
32.77,0.00,-0.02,-0.03
32.77,0.01,-0.01,-0.03
32.78,0.01,-0.01,-0.04
32.78,0.01,0.00,-0.04
32.78,0.01,0.01,-0.04
32.78,0.01,0.03,-0.04
32.79,0.01,0.04,-0.03
32.79,0.00,0.05,-0.03
32.79,0.00,0.07,-0.03
32.79,-0.01,0.09,-0.03
32.80,-0.01,0.10,-0.02
32.80,-0.02,0.11,-0.02
32.80,-0.02,0.12,-0.01
32.80,-0.02,0.12,-0.01
32.81,-0.03,0.11,0.00
32.81,-0.03,0.12,0.00
32.81,-0.03,0.13,0.00
32.81,-0.03,0.12,0.01
32.82,-0.03,0.12,0.01
32.82,-0.03,0.12,0.01
32.82,-0.03,0.13,0.02
32.82,-0.04,0.12,0.02
32.83,-0.03,0.12,0.02
32.83,-0.03,0.13,0.03
32.83,-0.03,0.12,0.03
32.83,-0.03,0.12,0.03
32.84,-0.03,0.12,0.03
32.84,-0.03,0.12,0.03
32.84,-0.03,0.12,0.03
32.84,-0.03,0.12,0.03
32.85,-0.03,0.12,0.03
32.85,-0.01,0.11,0.03
32.85,-0.02,0.11,0.03
32.85,-0.01,0.10,0.03
32.86,0.00,0.09,0.04
32.86,0.00,0.09,0.03
32.86,0.01,0.08,0.03
32.86,0.02,0.08,0.04
32.87,0.02,0.07,0.04
32.87,0.03,0.06,0.03
32.87,0.03,0.06,0.03
32.87,0.03,0.06,0.03
32.88,0.04,0.05,0.03
32.88,0.04,0.04,0.03
32.88,0.04,0.03,0.03
32.88,0.04,0.03,0.03
32.89,0.04,0.03,0.03
32.89,0.05,0.02,0.03
32.89,0.04,0.01,0.03
32.89,0.04,0.01,0.03
32.90,0.04,0.01,0.03
32.90,0.04,0.00,0.02
32.90,0.03,0.00,0.03
32.90,0.03,-0.01,0.02
32.91,0.03,-0.01,0.02
32.91,0.02,-0.01,0.01
32.91,0.02,-0.01,0.01
32.91,0.01,-0.01,0.01
32.92,0.01,-0.01,0.01
32.92,0.01,-0.01,0.01
32.92,0.00,-0.01,0.01
32.92,0.00,-0.01,0.01
32.93,-0.01,-0.01,0.00
32.93,-0.02,0.00,0.00
32.93,-0.03,0.00,0.00
32.93,-0.03,0.00,0.00
32.94,-0.04,0.01,0.00
32.94,-0.04,0.01,0.00